sample_id,inner_cv_rmse,fit_seconds,best_parameters,model__regressor__alpha,model__regressor__gamma
0,1.486034531333459,3.1326549160294235,"{'model__regressor__alpha': 0.1, 'model__regressor__gamma': 0.01}",0.1,0.01
1,1.4753621941991373,0.9502299169544131,"{'model__regressor__alpha': 0.1, 'model__regressor__gamma': 0.01}",0.1,0.01
2,1.4752982320414096,0.9735261669848114,"{'model__regressor__alpha': 0.1, 'model__regressor__gamma': 0.01}",0.1,0.01
3,1.4722365606236045,0.939038582961075,"{'model__regressor__alpha': 0.1, 'model__regressor__gamma': 0.01}",0.1,0.01
4,1.4455850338602438,0.9692840420175344,"{'model__regressor__alpha': 0.03162277660168379, 'model__regressor__gamma': 0.01}",0.03162277660168379,0.01
5,1.4464266339717442,0.932242332957685,"{'model__regressor__alpha': 0.1, 'model__regressor__gamma': 0.01}",0.1,0.01
6,1.4264357474313871,0.9600973749766126,"{'model__regressor__alpha': 0.1, 'model__regressor__gamma': 0.01}",0.1,0.01
7,1.4425534776685354,0.9270132919773459,"{'model__regressor__alpha': 0.03162277660168379, 'model__regressor__gamma': 0.01}",0.03162277660168379,0.01
8,1.4440322289368692,0.9139417499536648,"{'model__regressor__alpha': 0.03162277660168379, 'model__regressor__gamma': 0.01}",0.03162277660168379,0.01
9,1.4518672652560032,0.9228280000388622,"{'model__regressor__alpha': 0.1, 'model__regressor__gamma': 0.01}",0.1,0.01
10,1.4452890097652062,0.9500290839932859,"{'model__regressor__alpha': 0.1, 'model__regressor__gamma': 0.01}",0.1,0.01
11,1.4363898858243906,0.9459595000371337,"{'model__regressor__alpha': 0.1, 'model__regressor__gamma': 0.01}",0.1,0.01
12,1.4421244924589798,0.9199379170313478,"{'model__regressor__alpha': 0.03162277660168379, 'model__regressor__gamma': 0.01}",0.03162277660168379,0.01
13,1.441804682745417,0.9206902500009164,"{'model__regressor__alpha': 0.03162277660168379, 'model__regressor__gamma': 0.01}",0.03162277660168379,0.01
14,1.4448984949873378,0.9837774999905378,"{'model__regressor__alpha': 0.03162277660168379, 'model__regressor__gamma': 0.01}",0.03162277660168379,0.01
15,1.427588401739782,0.939954667002894,"{'model__regressor__alpha': 0.03162277660168379, 'model__regressor__gamma': 0.01}",0.03162277660168379,0.01
16,1.464770644950558,0.9423463339917362,"{'model__regressor__alpha': 0.1, 'model__regressor__gamma': 0.01}",0.1,0.01
17,1.4393230680706408,0.929503042018041,"{'model__regressor__alpha': 0.03162277660168379, 'model__regressor__gamma': 0.01}",0.03162277660168379,0.01
18,1.3886207245212232,0.9556795419193804,"{'model__regressor__alpha': 0.03162277660168379, 'model__regressor__gamma': 0.01}",0.03162277660168379,0.01
19,1.4400720179358528,0.9491379159735516,"{'model__regressor__alpha': 0.03162277660168379, 'model__regressor__gamma': 0.01}",0.03162277660168379,0.01
20,1.4489620982609923,0.928054166957736,"{'model__regressor__alpha': 0.03162277660168379, 'model__regressor__gamma': 0.01}",0.03162277660168379,0.01
21,1.4460842033623245,0.9198141660308465,"{'model__regressor__alpha': 0.03162277660168379, 'model__regressor__gamma': 0.01}",0.03162277660168379,0.01
22,1.4407646259141962,0.9533222920726985,"{'model__regressor__alpha': 0.03162277660168379, 'model__regressor__gamma': 0.01}",0.03162277660168379,0.01
23,1.4406573342302795,0.9497617499437183,"{'model__regressor__alpha': 0.03162277660168379, 'model__regressor__gamma': 0.01}",0.03162277660168379,0.01
24,1.439597674657467,0.9328536249231547,"{'model__regressor__alpha': 0.03162277660168379, 'model__regressor__gamma': 0.01}",0.03162277660168379,0.01
25,1.4302899852690842,0.9305421250173822,"{'model__regressor__alpha': 0.03162277660168379, 'model__regressor__gamma': 0.01}",0.03162277660168379,0.01
26,1.4429540434616306,0.9440907499520108,"{'model__regressor__alpha': 0.03162277660168379, 'model__regressor__gamma': 0.01}",0.03162277660168379,0.01
27,1.449685688969293,0.9631166249746457,"{'model__regressor__alpha': 0.03162277660168379, 'model__regressor__gamma': 0.01}",0.03162277660168379,0.01
28,1.4490073023730576,0.9297693750122562,"{'model__regressor__alpha': 0.1, 'model__regressor__gamma': 0.01}",0.1,0.01
29,1.4554422896580772,0.949331667041406,"{'model__regressor__alpha': 0.03162277660168379, 'model__regressor__gamma': 0.01}",0.03162277660168379,0.01
30,1.4641204406408344,0.9466295000165701,"{'model__regressor__alpha': 0.1, 'model__regressor__gamma': 0.01}",0.1,0.01
31,1.4527482238735063,0.9402402499690652,"{'model__regressor__alpha': 0.03162277660168379, 'model__regressor__gamma': 0.01}",0.03162277660168379,0.01
32,1.4376115080212888,0.9265196250053123,"{'model__regressor__alpha': 0.03162277660168379, 'model__regressor__gamma': 0.01}",0.03162277660168379,0.01
33,1.4536563728341363,0.930201584007591,"{'model__regressor__alpha': 0.1, 'model__regressor__gamma': 0.01}",0.1,0.01
34,1.451841939267883,0.9286516660358757,"{'model__regressor__alpha': 0.1, 'model__regressor__gamma': 0.01}",0.1,0.01
35,1.4570513751428658,0.934154957998544,"{'model__regressor__alpha': 0.1, 'model__regressor__gamma': 0.01}",0.1,0.01
36,1.4600653258983347,0.9390776250511408,"{'model__regressor__alpha': 0.1, 'model__regressor__gamma': 0.01}",0.1,0.01
37,1.4421625234222624,0.9727142080664635,"{'model__regressor__alpha': 0.1, 'model__regressor__gamma': 0.01}",0.1,0.01
38,1.4624583287735324,0.9266990419710055,"{'model__regressor__alpha': 0.1, 'model__regressor__gamma': 0.01}",0.1,0.01
39,1.4660569076582843,0.9339784999610856,"{'model__regressor__alpha': 0.1, 'model__regressor__gamma': 0.01}",0.1,0.01
40,1.4468114888563623,0.9530218750005588,"{'model__regressor__alpha': 0.03162277660168379, 'model__regressor__gamma': 0.01}",0.03162277660168379,0.01
41,1.4443597568554574,0.9318551250034943,"{'model__regressor__alpha': 0.03162277660168379, 'model__regressor__gamma': 0.01}",0.03162277660168379,0.01
42,1.4707551565030537,0.9255714579485357,"{'model__regressor__alpha': 0.1, 'model__regressor__gamma': 0.01}",0.1,0.01
43,1.4732686539506124,0.929105541901663,"{'model__regressor__alpha': 0.1, 'model__regressor__gamma': 0.01}",0.1,0.01
44,1.4690744145437369,0.942105875001289,"{'model__regressor__alpha': 0.1, 'model__regressor__gamma': 0.01}",0.1,0.01
45,1.4766928903919065,0.94278362498153,"{'model__regressor__alpha': 0.1, 'model__regressor__gamma': 0.01}",0.1,0.01
46,1.4583810577277279,0.9505824579391629,"{'model__regressor__alpha': 0.03162277660168379, 'model__regressor__gamma': 0.01}",0.03162277660168379,0.01
47,1.4577940642636575,0.9396412080386654,"{'model__regressor__alpha': 0.1, 'model__regressor__gamma': 0.01}",0.1,0.01
48,1.4567372109403736,0.9328613750403747,"{'model__regressor__alpha': 0.03162277660168379, 'model__regressor__gamma': 0.01}",0.03162277660168379,0.01
49,1.4549069925676845,0.9551032499875873,"{'model__regressor__alpha': 0.03162277660168379, 'model__regressor__gamma': 0.01}",0.03162277660168379,0.01
50,1.4592529114287625,0.9381620419444516,"{'model__regressor__alpha': 0.03162277660168379, 'model__regressor__gamma': 0.01}",0.03162277660168379,0.01
51,1.4570625681133005,0.9427213749149814,"{'model__regressor__alpha': 0.1, 'model__regressor__gamma': 0.01}",0.1,0.01
52,1.466427671058224,0.9351927080424502,"{'model__regressor__alpha': 0.1, 'model__regressor__gamma': 0.01}",0.1,0.01
53,1.470635449509557,1.0209567080019042,"{'model__regressor__alpha': 0.1, 'model__regressor__gamma': 0.01}",0.1,0.01
54,1.4461359531805997,1.022915167035535,"{'model__regressor__alpha': 0.03162277660168379, 'model__regressor__gamma': 0.01}",0.03162277660168379,0.01
55,1.4583259964285757,0.9468108749715611,"{'model__regressor__alpha': 0.1, 'model__regressor__gamma': 0.01}",0.1,0.01
56,1.4683414604376788,0.9271646669367328,"{'model__regressor__alpha': 0.1, 'model__regressor__gamma': 0.01}",0.1,0.01
57,1.4512127032736946,0.9493509159656242,"{'model__regressor__alpha': 0.1, 'model__regressor__gamma': 0.01}",0.1,0.01
58,1.4718202259425952,0.9719706659670919,"{'model__regressor__alpha': 0.1, 'model__regressor__gamma': 0.01}",0.1,0.01
59,1.469480055764313,0.9369362499564886,"{'model__regressor__alpha': 0.1, 'model__regressor__gamma': 0.01}",0.1,0.01
60,1.468625676178492,0.9159418339841068,"{'model__regressor__alpha': 0.1, 'model__regressor__gamma': 0.01}",0.1,0.01
61,1.4632278722079215,0.9472600830486044,"{'model__regressor__alpha': 0.1, 'model__regressor__gamma': 0.01}",0.1,0.01
62,1.4650254407537955,1.0984409169759601,"{'model__regressor__alpha': 0.03162277660168379, 'model__regressor__gamma': 0.01}",0.03162277660168379,0.01
63,1.4611592137196665,0.986230207956396,"{'model__regressor__alpha': 0.03162277660168379, 'model__regressor__gamma': 0.01}",0.03162277660168379,0.01
64,1.4634034691558944,0.9289918339345604,"{'model__regressor__alpha': 0.03162277660168379, 'model__regressor__gamma': 0.01}",0.03162277660168379,0.01
65,1.462994175795143,0.9424231250304729,"{'model__regressor__alpha': 0.03162277660168379, 'model__regressor__gamma': 0.01}",0.03162277660168379,0.01
66,1.4642896324109336,0.9768232920905575,"{'model__regressor__alpha': 0.03162277660168379, 'model__regressor__gamma': 0.01}",0.03162277660168379,0.01
67,1.4636750044662312,0.9693785830168054,"{'model__regressor__alpha': 0.03162277660168379, 'model__regressor__gamma': 0.01}",0.03162277660168379,0.01
68,1.464185807972979,0.954176125000231,"{'model__regressor__alpha': 0.03162277660168379, 'model__regressor__gamma': 0.01}",0.03162277660168379,0.01
69,1.463334658348733,0.9565872909734026,"{'model__regressor__alpha': 0.03162277660168379, 'model__regressor__gamma': 0.01}",0.03162277660168379,0.01
70,1.4498673054636229,0.96349008299876,"{'model__regressor__alpha': 0.1, 'model__regressor__gamma': 0.01}",0.1,0.01
71,1.4247765527801697,0.9465377080487087,"{'model__regressor__alpha': 0.03162277660168379, 'model__regressor__gamma': 0.01}",0.03162277660168379,0.01
72,1.454391499805481,0.9494845840381458,"{'model__regressor__alpha': 0.03162277660168379, 'model__regressor__gamma': 0.01}",0.03162277660168379,0.01
73,1.4700535713627814,0.954147250042297,"{'model__regressor__alpha': 0.03162277660168379, 'model__regressor__gamma': 0.01}",0.03162277660168379,0.01
74,1.4692659319668715,0.9751240831101313,"{'model__regressor__alpha': 0.03162277660168379, 'model__regressor__gamma': 0.01}",0.03162277660168379,0.01
75,1.4573670456796812,0.9487047090660781,"{'model__regressor__alpha': 0.03162277660168379, 'model__regressor__gamma': 0.01}",0.03162277660168379,0.01
76,1.4551821561657774,0.9521406251005828,"{'model__regressor__alpha': 0.03162277660168379, 'model__regressor__gamma': 0.01}",0.03162277660168379,0.01
77,1.4562400765543568,0.9738582500722259,"{'model__regressor__alpha': 0.03162277660168379, 'model__regressor__gamma': 0.01}",0.03162277660168379,0.01
78,1.4527862243180425,0.9697323340224102,"{'model__regressor__alpha': 0.03162277660168379, 'model__regressor__gamma': 0.01}",0.03162277660168379,0.01
79,1.452614843645101,0.9401030410081148,"{'model__regressor__alpha': 0.03162277660168379, 'model__regressor__gamma': 0.01}",0.03162277660168379,0.01
80,1.44763125983818,0.9944125839974731,"{'model__regressor__alpha': 0.03162277660168379, 'model__regressor__gamma': 0.01}",0.03162277660168379,0.01
81,1.4492865275111435,0.9473530000541359,"{'model__regressor__alpha': 0.03162277660168379, 'model__regressor__gamma': 0.01}",0.03162277660168379,0.01
82,1.4483693891850682,0.9582490829052404,"{'model__regressor__alpha': 0.03162277660168379, 'model__regressor__gamma': 0.01}",0.03162277660168379,0.01
83,1.443079950623093,0.9644317920319736,"{'model__regressor__alpha': 0.03162277660168379, 'model__regressor__gamma': 0.01}",0.03162277660168379,0.01
84,1.4546832623313963,0.9607404590351507,"{'model__regressor__alpha': 0.03162277660168379, 'model__regressor__gamma': 0.01}",0.03162277660168379,0.01
85,1.4651181151147654,0.9842424580128863,"{'model__regressor__alpha': 0.03162277660168379, 'model__regressor__gamma': 0.01}",0.03162277660168379,0.01
86,1.4302840788761637,0.9632562909973785,"{'model__regressor__alpha': 0.03162277660168379, 'model__regressor__gamma': 0.01}",0.03162277660168379,0.01
87,1.4435628527114084,0.9598513749660924,"{'model__regressor__alpha': 0.03162277660168379, 'model__regressor__gamma': 0.01}",0.03162277660168379,0.01
88,1.445290069140672,0.9629044579342008,"{'model__regressor__alpha': 0.03162277660168379, 'model__regressor__gamma': 0.01}",0.03162277660168379,0.01
89,1.4413983675363344,0.958415083005093,"{'model__regressor__alpha': 0.03162277660168379, 'model__regressor__gamma': 0.01}",0.03162277660168379,0.01
90,1.4433311443333896,0.9693177090957761,"{'model__regressor__alpha': 0.03162277660168379, 'model__regressor__gamma': 0.01}",0.03162277660168379,0.01
91,1.4357341452104897,0.9706462499452755,"{'model__regressor__alpha': 0.03162277660168379, 'model__regressor__gamma': 0.01}",0.03162277660168379,0.01
92,1.4483790512708197,0.9654379580169916,"{'model__regressor__alpha': 0.03162277660168379, 'model__regressor__gamma': 0.01}",0.03162277660168379,0.01
93,1.4327854640654367,0.9468324579065666,"{'model__regressor__alpha': 0.03162277660168379, 'model__regressor__gamma': 0.01}",0.03162277660168379,0.01
94,1.4625234165653516,0.996529791969806,"{'model__regressor__alpha': 0.03162277660168379, 'model__regressor__gamma': 0.01}",0.03162277660168379,0.01
95,1.4527631222683082,0.957605249946937,"{'model__regressor__alpha': 0.03162277660168379, 'model__regressor__gamma': 0.01}",0.03162277660168379,0.01
96,1.4501183643589706,0.9859008750645444,"{'model__regressor__alpha': 0.03162277660168379, 'model__regressor__gamma': 0.01}",0.03162277660168379,0.01
97,1.4611633316674517,1.005614124936983,"{'model__regressor__alpha': 0.03162277660168379, 'model__regressor__gamma': 0.01}",0.03162277660168379,0.01
98,1.4701579796220132,1.0018868750194088,"{'model__regressor__alpha': 0.03162277660168379, 'model__regressor__gamma': 0.01}",0.03162277660168379,0.01
99,1.4745666733139375,0.9868819169932976,"{'model__regressor__alpha': 0.03162277660168379, 'model__regressor__gamma': 0.01}",0.03162277660168379,0.01
100,1.4933552668016266,0.9811797089641914,"{'model__regressor__alpha': 0.03162277660168379, 'model__regressor__gamma': 0.01}",0.03162277660168379,0.01
101,1.4758047160610632,0.9907060840632766,"{'model__regressor__alpha': 0.03162277660168379, 'model__regressor__gamma': 0.01}",0.03162277660168379,0.01
102,1.471412264385768,0.9766106670722365,"{'model__regressor__alpha': 0.03162277660168379, 'model__regressor__gamma': 0.01}",0.03162277660168379,0.01
103,1.4513077268698351,0.9901033750502393,"{'model__regressor__alpha': 0.03162277660168379, 'model__regressor__gamma': 0.01}",0.03162277660168379,0.01
104,1.4402551009925395,0.9779051670338959,"{'model__regressor__alpha': 0.03162277660168379, 'model__regressor__gamma': 0.01}",0.03162277660168379,0.01
105,1.4457780998631269,0.9713565839920193,"{'model__regressor__alpha': 0.03162277660168379, 'model__regressor__gamma': 0.01}",0.03162277660168379,0.01
106,1.4466731161723516,0.9776965000201017,"{'model__regressor__alpha': 0.03162277660168379, 'model__regressor__gamma': 0.01}",0.03162277660168379,0.01
107,1.4476706038830187,1.0031642919639125,"{'model__regressor__alpha': 0.03162277660168379, 'model__regressor__gamma': 0.01}",0.03162277660168379,0.01
108,1.4389592027611182,1.0123395830160007,"{'model__regressor__alpha': 0.03162277660168379, 'model__regressor__gamma': 0.01}",0.03162277660168379,0.01
109,1.4531569151573498,0.9956937920069322,"{'model__regressor__alpha': 0.03162277660168379, 'model__regressor__gamma': 0.01}",0.03162277660168379,0.01
110,1.4552915479193078,0.9910693750716746,"{'model__regressor__alpha': 0.03162277660168379, 'model__regressor__gamma': 0.01}",0.03162277660168379,0.01
111,1.4607293160779269,0.9912735000252724,"{'model__regressor__alpha': 0.03162277660168379, 'model__regressor__gamma': 0.01}",0.03162277660168379,0.01
112,1.4616250196111094,0.983358290977776,"{'model__regressor__alpha': 0.03162277660168379, 'model__regressor__gamma': 0.01}",0.03162277660168379,0.01
113,1.4521676770684844,1.021081916987896,"{'model__regressor__alpha': 0.03162277660168379, 'model__regressor__gamma': 0.01}",0.03162277660168379,0.01
114,1.451882665287755,0.9822362089762464,"{'model__regressor__alpha': 0.03162277660168379, 'model__regressor__gamma': 0.01}",0.03162277660168379,0.01
115,1.464628778137842,1.0024847500026226,"{'model__regressor__alpha': 0.03162277660168379, 'model__regressor__gamma': 0.01}",0.03162277660168379,0.01
116,1.431557640548022,0.9841118330368772,"{'model__regressor__alpha': 0.03162277660168379, 'model__regressor__gamma': 0.01}",0.03162277660168379,0.01
117,1.4803960837518038,1.001012041931972,"{'model__regressor__alpha': 0.03162277660168379, 'model__regressor__gamma': 0.01}",0.03162277660168379,0.01
118,1.492918755939846,0.9853926249779761,"{'model__regressor__alpha': 0.03162277660168379, 'model__regressor__gamma': 0.01}",0.03162277660168379,0.01
119,1.4891465240240962,0.9834567920770496,"{'model__regressor__alpha': 0.03162277660168379, 'model__regressor__gamma': 0.01}",0.03162277660168379,0.01
120,1.508091633783358,0.983184540993534,"{'model__regressor__alpha': 0.03162277660168379, 'model__regressor__gamma': 0.01}",0.03162277660168379,0.01
121,1.4872409359727476,0.9946001659845933,"{'model__regressor__alpha': 0.03162277660168379, 'model__regressor__gamma': 0.01}",0.03162277660168379,0.01
122,1.4934587517803755,1.0029971250332892,"{'model__regressor__alpha': 0.03162277660168379, 'model__regressor__gamma': 0.01}",0.03162277660168379,0.01
123,1.5078339556764155,1.0370162080507725,"{'model__regressor__alpha': 0.1, 'model__regressor__gamma': 0.01}",0.1,0.01
124,1.4810693857976895,1.0176072500180453,"{'model__regressor__alpha': 0.1, 'model__regressor__gamma': 0.01}",0.1,0.01
125,1.502786594559101,0.9781762090278789,"{'model__regressor__alpha': 0.03162277660168379, 'model__regressor__gamma': 0.01}",0.03162277660168379,0.01
126,1.4942040578875648,0.988460916094482,"{'model__regressor__alpha': 0.03162277660168379, 'model__regressor__gamma': 0.01}",0.03162277660168379,0.01
127,1.464688817327979,0.9844468330265954,"{'model__regressor__alpha': 0.03162277660168379, 'model__regressor__gamma': 0.01}",0.03162277660168379,0.01
128,1.4909569757998502,1.0497120829531923,"{'model__regressor__alpha': 0.03162277660168379, 'model__regressor__gamma': 0.01}",0.03162277660168379,0.01
129,1.4824996316845094,0.984523499966599,"{'model__regressor__alpha': 0.03162277660168379, 'model__regressor__gamma': 0.01}",0.03162277660168379,0.01
130,1.4858752175739394,0.9831357080256566,"{'model__regressor__alpha': 0.03162277660168379, 'model__regressor__gamma': 0.01}",0.03162277660168379,0.01
131,1.4408756434218637,0.9969028339255601,"{'model__regressor__alpha': 0.03162277660168379, 'model__regressor__gamma': 0.01}",0.03162277660168379,0.01
132,1.4530534779012467,0.9924274999648333,"{'model__regressor__alpha': 0.01, 'model__regressor__gamma': 0.003}",0.01,0.003
133,1.4753047655473541,1.0128895409870893,"{'model__regressor__alpha': 0.03162277660168379, 'model__regressor__gamma': 0.01}",0.03162277660168379,0.01
134,1.4871537716235819,1.0054952499922365,"{'model__regressor__alpha': 0.03162277660168379, 'model__regressor__gamma': 0.01}",0.03162277660168379,0.01
135,1.4793609609294998,0.9983778749592602,"{'model__regressor__alpha': 0.03162277660168379, 'model__regressor__gamma': 0.01}",0.03162277660168379,0.01
136,1.4259206067935755,0.9844175830949098,"{'model__regressor__alpha': 0.03162277660168379, 'model__regressor__gamma': 0.01}",0.03162277660168379,0.01
137,1.4635184119590792,0.9951289169257507,"{'model__regressor__alpha': 0.03162277660168379, 'model__regressor__gamma': 0.01}",0.03162277660168379,0.01
138,1.4601243950060225,1.0194684169255197,"{'model__regressor__alpha': 0.03162277660168379, 'model__regressor__gamma': 0.01}",0.03162277660168379,0.01
139,1.4905516257779161,1.016025249962695,"{'model__regressor__alpha': 0.03162277660168379, 'model__regressor__gamma': 0.01}",0.03162277660168379,0.01
140,1.4278234307403825,0.9938796249916777,"{'model__regressor__alpha': 0.03162277660168379, 'model__regressor__gamma': 0.01}",0.03162277660168379,0.01
141,1.4485619685995639,0.9755014580441639,"{'model__regressor__alpha': 0.03162277660168379, 'model__regressor__gamma': 0.01}",0.03162277660168379,0.01
142,1.4495713857668915,0.994780374923721,"{'model__regressor__alpha': 0.03162277660168379, 'model__regressor__gamma': 0.01}",0.03162277660168379,0.01
143,1.4307906525278786,0.9986486249836162,"{'model__regressor__alpha': 0.03162277660168379, 'model__regressor__gamma': 0.01}",0.03162277660168379,0.01
