fit_role,loo_position,sample_id,n_fit_observations,inner_cv_rmse,fit_seconds,best_parameters,model__regressor__alpha,model__regressor__gamma
leave_one_out,0.0,1.0,114,1.370277206320263,3.253054833970964,"{'model__regressor__alpha': 0.03162277660168379, 'model__regressor__gamma': 0.003}",0.03162277660168379,0.003
leave_one_out,1.0,2.0,114,1.3862402899705155,0.934374041040428,"{'model__regressor__alpha': 0.03162277660168379, 'model__regressor__gamma': 0.003}",0.03162277660168379,0.003
leave_one_out,2.0,3.0,114,1.3377030979567262,0.9467870841035619,"{'model__regressor__alpha': 0.03162277660168379, 'model__regressor__gamma': 0.003}",0.03162277660168379,0.003
leave_one_out,3.0,5.0,114,1.3762056928475028,0.9069133329903707,"{'model__regressor__alpha': 0.03162277660168379, 'model__regressor__gamma': 0.003}",0.03162277660168379,0.003
leave_one_out,4.0,6.0,114,1.3829048589908768,0.9517095829360187,"{'model__regressor__alpha': 0.03162277660168379, 'model__regressor__gamma': 0.003}",0.03162277660168379,0.003
leave_one_out,5.0,7.0,114,1.3872642089145815,0.9147120830602944,"{'model__regressor__alpha': 0.03162277660168379, 'model__regressor__gamma': 0.003}",0.03162277660168379,0.003
leave_one_out,6.0,8.0,114,1.3743544095746993,0.9235972909955308,"{'model__regressor__alpha': 0.03162277660168379, 'model__regressor__gamma': 0.003}",0.03162277660168379,0.003
leave_one_out,7.0,9.0,114,1.391266373826063,0.9092969999182969,"{'model__regressor__alpha': 0.03162277660168379, 'model__regressor__gamma': 0.003}",0.03162277660168379,0.003
leave_one_out,8.0,12.0,114,1.3810488878605613,0.9007725840201601,"{'model__regressor__alpha': 0.03162277660168379, 'model__regressor__gamma': 0.003}",0.03162277660168379,0.003
leave_one_out,9.0,13.0,114,1.3831274627896404,0.908796208910644,"{'model__regressor__alpha': 0.03162277660168379, 'model__regressor__gamma': 0.003}",0.03162277660168379,0.003
leave_one_out,10.0,14.0,114,1.3708674761520006,0.9756855419836938,"{'model__regressor__alpha': 0.03162277660168379, 'model__regressor__gamma': 0.003}",0.03162277660168379,0.003
leave_one_out,11.0,15.0,114,1.3877809203697216,0.9220561659894884,"{'model__regressor__alpha': 0.03162277660168379, 'model__regressor__gamma': 0.003}",0.03162277660168379,0.003
leave_one_out,12.0,16.0,114,1.3829047207808687,0.9122739579761401,"{'model__regressor__alpha': 0.03162277660168379, 'model__regressor__gamma': 0.003}",0.03162277660168379,0.003
leave_one_out,13.0,17.0,114,1.3914356631447584,0.9619330000132322,"{'model__regressor__alpha': 0.03162277660168379, 'model__regressor__gamma': 0.003}",0.03162277660168379,0.003
leave_one_out,14.0,18.0,114,1.3913014870359393,0.904223500052467,"{'model__regressor__alpha': 0.03162277660168379, 'model__regressor__gamma': 0.003}",0.03162277660168379,0.003
leave_one_out,15.0,19.0,114,1.394429369269756,0.914778665988706,"{'model__regressor__alpha': 0.03162277660168379, 'model__regressor__gamma': 0.003}",0.03162277660168379,0.003
leave_one_out,16.0,21.0,114,1.371646321174021,0.9119637919357046,"{'model__regressor__alpha': 0.03162277660168379, 'model__regressor__gamma': 0.003}",0.03162277660168379,0.003
leave_one_out,17.0,22.0,114,1.370013814698306,0.9191197499167174,"{'model__regressor__alpha': 0.01, 'model__regressor__gamma': 0.003}",0.01,0.003
leave_one_out,18.0,23.0,114,1.401814996378289,0.9051955830072984,"{'model__regressor__alpha': 0.03162277660168379, 'model__regressor__gamma': 0.003}",0.03162277660168379,0.003
leave_one_out,19.0,24.0,114,1.4222479285627345,0.9049417079659179,"{'model__regressor__alpha': 0.03162277660168379, 'model__regressor__gamma': 0.003}",0.03162277660168379,0.003
leave_one_out,20.0,25.0,114,1.4155761005579128,0.9098658330040053,"{'model__regressor__alpha': 0.03162277660168379, 'model__regressor__gamma': 0.003}",0.03162277660168379,0.003
leave_one_out,21.0,26.0,114,1.4327316015074203,0.9037669169483706,"{'model__regressor__alpha': 0.03162277660168379, 'model__regressor__gamma': 0.003}",0.03162277660168379,0.003
leave_one_out,22.0,27.0,114,1.4199170619201733,0.919093000004068,"{'model__regressor__alpha': 0.03162277660168379, 'model__regressor__gamma': 0.003}",0.03162277660168379,0.003
leave_one_out,23.0,28.0,114,1.423260303947511,0.9120241670170799,"{'model__regressor__alpha': 0.03162277660168379, 'model__regressor__gamma': 0.003}",0.03162277660168379,0.003
leave_one_out,24.0,29.0,114,1.426230624211544,1.1439218339510262,"{'model__regressor__alpha': 0.03162277660168379, 'model__regressor__gamma': 0.003}",0.03162277660168379,0.003
leave_one_out,25.0,30.0,114,1.4214174185835773,0.8977620420046151,"{'model__regressor__alpha': 0.03162277660168379, 'model__regressor__gamma': 0.003}",0.03162277660168379,0.003
leave_one_out,26.0,32.0,114,1.4224547928633196,0.8849980840459466,"{'model__regressor__alpha': 0.03162277660168379, 'model__regressor__gamma': 0.003}",0.03162277660168379,0.003
leave_one_out,27.0,34.0,114,1.4160494726707749,0.8962067919783294,"{'model__regressor__alpha': 0.03162277660168379, 'model__regressor__gamma': 0.003}",0.03162277660168379,0.003
leave_one_out,28.0,36.0,114,1.4256276762158058,0.8720387500943616,"{'model__regressor__alpha': 0.03162277660168379, 'model__regressor__gamma': 0.003}",0.03162277660168379,0.003
leave_one_out,29.0,37.0,114,1.4120860883699307,0.8984610829502344,"{'model__regressor__alpha': 0.03162277660168379, 'model__regressor__gamma': 0.003}",0.03162277660168379,0.003
leave_one_out,30.0,38.0,114,1.4038990127787132,0.8822768749669194,"{'model__regressor__alpha': 0.03162277660168379, 'model__regressor__gamma': 0.003}",0.03162277660168379,0.003
leave_one_out,31.0,40.0,114,1.412688677094171,0.8819452919997275,"{'model__regressor__alpha': 0.03162277660168379, 'model__regressor__gamma': 0.003}",0.03162277660168379,0.003
leave_one_out,32.0,41.0,114,1.3836057849025616,0.8859687079675496,"{'model__regressor__alpha': 0.03162277660168379, 'model__regressor__gamma': 0.003}",0.03162277660168379,0.003
leave_one_out,33.0,43.0,114,1.4034630929779772,0.8906380420085043,"{'model__regressor__alpha': 0.03162277660168379, 'model__regressor__gamma': 0.003}",0.03162277660168379,0.003
leave_one_out,34.0,44.0,114,1.3800607213543512,0.8884279580088332,"{'model__regressor__alpha': 0.03162277660168379, 'model__regressor__gamma': 0.003}",0.03162277660168379,0.003
leave_one_out,35.0,45.0,114,1.3825883429956682,0.9070097920484841,"{'model__regressor__alpha': 0.03162277660168379, 'model__regressor__gamma': 0.003}",0.03162277660168379,0.003
leave_one_out,36.0,46.0,114,1.3893441634941919,0.9078166249673814,"{'model__regressor__alpha': 0.03162277660168379, 'model__regressor__gamma': 0.003}",0.03162277660168379,0.003
leave_one_out,37.0,49.0,114,1.3919234490717072,1.030700665898621,"{'model__regressor__alpha': 0.03162277660168379, 'model__regressor__gamma': 0.003}",0.03162277660168379,0.003
leave_one_out,38.0,50.0,114,1.382694361389101,0.8837381249759346,"{'model__regressor__alpha': 0.03162277660168379, 'model__regressor__gamma': 0.003}",0.03162277660168379,0.003
leave_one_out,39.0,51.0,114,1.3815868217364078,0.8882717919768766,"{'model__regressor__alpha': 0.03162277660168379, 'model__regressor__gamma': 0.003}",0.03162277660168379,0.003
leave_one_out,40.0,52.0,114,1.3861806191834414,0.8758600419387221,"{'model__regressor__alpha': 0.03162277660168379, 'model__regressor__gamma': 0.003}",0.03162277660168379,0.003
leave_one_out,41.0,53.0,114,1.3737998535725928,0.8746845409041271,"{'model__regressor__alpha': 0.03162277660168379, 'model__regressor__gamma': 0.003}",0.03162277660168379,0.003
leave_one_out,42.0,54.0,114,1.376033154907321,0.8958461669972166,"{'model__regressor__alpha': 0.03162277660168379, 'model__regressor__gamma': 0.003}",0.03162277660168379,0.003
leave_one_out,43.0,55.0,114,1.381362170986282,0.8732929580146447,"{'model__regressor__alpha': 0.03162277660168379, 'model__regressor__gamma': 0.003}",0.03162277660168379,0.003
leave_one_out,44.0,56.0,114,1.37896539898651,0.880629583960399,"{'model__regressor__alpha': 0.03162277660168379, 'model__regressor__gamma': 0.003}",0.03162277660168379,0.003
leave_one_out,45.0,58.0,114,1.4155021668782848,0.8672463750699535,"{'model__regressor__alpha': 0.03162277660168379, 'model__regressor__gamma': 0.003}",0.03162277660168379,0.003
leave_one_out,46.0,59.0,114,1.4146544692895082,0.8957143339794129,"{'model__regressor__alpha': 0.03162277660168379, 'model__regressor__gamma': 0.003}",0.03162277660168379,0.003
leave_one_out,47.0,60.0,114,1.412312840290776,0.8794878750341013,"{'model__regressor__alpha': 0.01, 'model__regressor__gamma': 0.003}",0.01,0.003
leave_one_out,48.0,101.0,114,1.425848203496594,0.8874429580755532,"{'model__regressor__alpha': 0.03162277660168379, 'model__regressor__gamma': 0.003}",0.03162277660168379,0.003
leave_one_out,49.0,102.0,114,1.4221663928242363,0.8809652089839801,"{'model__regressor__alpha': 0.03162277660168379, 'model__regressor__gamma': 0.003}",0.03162277660168379,0.003
leave_one_out,50.0,104.0,114,1.4609677377084034,0.8851477919379249,"{'model__regressor__alpha': 0.01, 'model__regressor__gamma': 0.001}",0.01,0.001
leave_one_out,51.0,106.0,114,1.4553911679516582,0.8692903330083936,"{'model__regressor__alpha': 0.03162277660168379, 'model__regressor__gamma': 0.003}",0.03162277660168379,0.003
leave_one_out,52.0,108.0,114,1.4421449033480065,0.8725745410192758,"{'model__regressor__alpha': 0.03162277660168379, 'model__regressor__gamma': 0.003}",0.03162277660168379,0.003
leave_one_out,53.0,109.0,114,1.4253197851458805,0.8738627909915522,"{'model__regressor__alpha': 0.0031622776601683794, 'model__regressor__gamma': 0.001}",0.0031622776601683794,0.001
leave_one_out,54.0,110.0,114,1.467780277335444,0.871216082945466,"{'model__regressor__alpha': 0.03162277660168379, 'model__regressor__gamma': 0.003}",0.03162277660168379,0.003
leave_one_out,55.0,112.0,114,1.4681665508591024,0.8840925419935957,"{'model__regressor__alpha': 0.0031622776601683794, 'model__regressor__gamma': 0.001}",0.0031622776601683794,0.001
leave_one_out,56.0,113.0,114,1.4781825080392987,0.8670140829635784,"{'model__regressor__alpha': 0.03162277660168379, 'model__regressor__gamma': 0.003}",0.03162277660168379,0.003
leave_one_out,57.0,115.0,114,1.4560404980843968,0.8769615419441834,"{'model__regressor__alpha': 0.0031622776601683794, 'model__regressor__gamma': 0.001}",0.0031622776601683794,0.001
leave_one_out,58.0,116.0,114,1.4515155467934802,0.8797643750440329,"{'model__regressor__alpha': 0.0031622776601683794, 'model__regressor__gamma': 0.001}",0.0031622776601683794,0.001
leave_one_out,59.0,118.0,114,1.4486885717371298,0.8701134999282658,"{'model__regressor__alpha': 0.0031622776601683794, 'model__regressor__gamma': 0.001}",0.0031622776601683794,0.001
leave_one_out,60.0,119.0,114,1.4564382175832808,0.898661290993914,"{'model__regressor__alpha': 0.0031622776601683794, 'model__regressor__gamma': 0.001}",0.0031622776601683794,0.001
leave_one_out,61.0,120.0,114,1.492849049495415,0.9036761249881238,"{'model__regressor__alpha': 0.03162277660168379, 'model__regressor__gamma': 0.003}",0.03162277660168379,0.003
leave_one_out,62.0,121.0,114,1.4781633144927118,0.8942381659289822,"{'model__regressor__alpha': 0.0031622776601683794, 'model__regressor__gamma': 0.001}",0.0031622776601683794,0.001
leave_one_out,63.0,122.0,114,1.4439582424924886,0.8817326249554753,"{'model__regressor__alpha': 0.01, 'model__regressor__gamma': 0.003}",0.01,0.003
leave_one_out,64.0,124.0,114,1.462537312491795,0.9239257909357548,"{'model__regressor__alpha': 0.01, 'model__regressor__gamma': 0.003}",0.01,0.003
leave_one_out,65.0,125.0,114,1.4656824212033712,0.8814030420035124,"{'model__regressor__alpha': 0.01, 'model__regressor__gamma': 0.003}",0.01,0.003
leave_one_out,66.0,126.0,114,1.4601394678352049,0.8729725409066305,"{'model__regressor__alpha': 0.01, 'model__regressor__gamma': 0.003}",0.01,0.003
leave_one_out,67.0,127.0,114,1.464818879154867,0.8833593749441206,"{'model__regressor__alpha': 0.01, 'model__regressor__gamma': 0.003}",0.01,0.003
leave_one_out,68.0,129.0,114,1.4699839438626452,0.8965743749868125,"{'model__regressor__alpha': 0.01, 'model__regressor__gamma': 0.003}",0.01,0.003
leave_one_out,69.0,130.0,114,1.4352245433681332,0.8982804579427466,"{'model__regressor__alpha': 0.01, 'model__regressor__gamma': 0.003}",0.01,0.003
leave_one_out,70.0,133.0,114,1.44720623784066,0.8951327920658514,"{'model__regressor__alpha': 0.01, 'model__regressor__gamma': 0.003}",0.01,0.003
leave_one_out,71.0,135.0,114,1.4526183245624382,0.8946799580007792,"{'model__regressor__alpha': 0.01, 'model__regressor__gamma': 0.003}",0.01,0.003
leave_one_out,72.0,137.0,114,1.4139886424292345,0.9025785829871893,"{'model__regressor__alpha': 0.001, 'model__regressor__gamma': 0.001}",0.001,0.001
leave_one_out,73.0,138.0,114,1.481682935791876,0.9074729999992996,"{'model__regressor__alpha': 0.001, 'model__regressor__gamma': 0.001}",0.001,0.001
leave_one_out,74.0,139.0,114,1.517545648206175,0.90059187496081,"{'model__regressor__alpha': 0.01, 'model__regressor__gamma': 0.003}",0.01,0.003
leave_one_out,75.0,140.0,114,1.5119459190122226,0.9026884579798207,"{'model__regressor__alpha': 0.01, 'model__regressor__gamma': 0.003}",0.01,0.003
leave_one_out,76.0,141.0,114,1.5047870321678192,0.9044272500323132,"{'model__regressor__alpha': 0.01, 'model__regressor__gamma': 0.003}",0.01,0.003
leave_one_out,77.0,142.0,114,1.5035490627672308,0.8825533750932664,"{'model__regressor__alpha': 0.01, 'model__regressor__gamma': 0.003}",0.01,0.003
leave_one_out,78.0,144.0,114,1.4670668272059908,0.8990927919512615,"{'model__regressor__alpha': 0.03162277660168379, 'model__regressor__gamma': 0.003}",0.03162277660168379,0.003
leave_one_out,79.0,145.0,114,1.5349997294821491,0.9098827089183033,"{'model__regressor__alpha': 0.0031622776601683794, 'model__regressor__gamma': 0.001}",0.0031622776601683794,0.001
leave_one_out,80.0,146.0,114,1.5462314836024034,0.9055471669416875,"{'model__regressor__alpha': 0.001, 'model__regressor__gamma': 0.001}",0.001,0.001
leave_one_out,81.0,147.0,114,1.548784129871836,0.8963764999061823,"{'model__regressor__alpha': 0.01, 'model__regressor__gamma': 0.003}",0.01,0.003
leave_one_out,82.0,148.0,114,1.5207234013379005,0.895868125022389,"{'model__regressor__alpha': 0.001, 'model__regressor__gamma': 0.001}",0.001,0.001
leave_one_out,83.0,149.0,114,1.54499736069314,0.8956614579074085,"{'model__regressor__alpha': 0.001, 'model__regressor__gamma': 0.001}",0.001,0.001
leave_one_out,84.0,150.0,114,1.541536521587581,0.9125023329397663,"{'model__regressor__alpha': 0.01, 'model__regressor__gamma': 0.003}",0.01,0.003
leave_one_out,85.0,151.0,114,1.5400760793154833,0.9762554579647258,"{'model__regressor__alpha': 0.01, 'model__regressor__gamma': 0.003}",0.01,0.003
leave_one_out,86.0,153.0,114,1.5468907606967457,0.9083612089743838,"{'model__regressor__alpha': 0.01, 'model__regressor__gamma': 0.003}",0.01,0.003
leave_one_out,87.0,154.0,114,1.5311060157685676,0.8899782499065623,"{'model__regressor__alpha': 0.001, 'model__regressor__gamma': 0.001}",0.001,0.001
leave_one_out,88.0,158.0,114,1.5405415036161605,0.89132262498606,"{'model__regressor__alpha': 0.001, 'model__regressor__gamma': 0.001}",0.001,0.001
leave_one_out,89.0,160.0,114,1.549919277698833,0.9724367910530418,"{'model__regressor__alpha': 0.01, 'model__regressor__gamma': 0.003}",0.01,0.003
leave_one_out,90.0,165.0,114,1.4962188437827943,0.8830189589643851,"{'model__regressor__alpha': 0.001, 'model__regressor__gamma': 0.001}",0.001,0.001
leave_one_out,91.0,166.0,114,1.494788804549931,0.8934305419679731,"{'model__regressor__alpha': 0.001, 'model__regressor__gamma': 0.001}",0.001,0.001
leave_one_out,92.0,167.0,114,1.5297551878779247,0.8877301670145243,"{'model__regressor__alpha': 0.01, 'model__regressor__gamma': 0.003}",0.01,0.003
leave_one_out,93.0,169.0,114,1.518233338604348,0.8926792499842122,"{'model__regressor__alpha': 0.01, 'model__regressor__gamma': 0.003}",0.01,0.003
leave_one_out,94.0,170.0,114,1.52526598721542,0.9033837089082226,"{'model__regressor__alpha': 0.001, 'model__regressor__gamma': 0.001}",0.001,0.001
leave_one_out,95.0,171.0,114,1.524898404546904,0.9045787079958245,"{'model__regressor__alpha': 0.01, 'model__regressor__gamma': 0.003}",0.01,0.003
leave_one_out,96.0,172.0,114,1.5266488586164793,0.8945174169493839,"{'model__regressor__alpha': 0.01, 'model__regressor__gamma': 0.003}",0.01,0.003
leave_one_out,97.0,173.0,114,1.522258998781022,0.8865799580235034,"{'model__regressor__alpha': 0.01, 'model__regressor__gamma': 0.003}",0.01,0.003
leave_one_out,98.0,174.0,114,1.523009800391543,0.891627375036478,"{'model__regressor__alpha': 0.01, 'model__regressor__gamma': 0.003}",0.01,0.003
leave_one_out,99.0,176.0,114,1.53125323503314,0.9463691249256954,"{'model__regressor__alpha': 0.0031622776601683794, 'model__regressor__gamma': 0.001}",0.0031622776601683794,0.001
leave_one_out,100.0,178.0,114,1.5371957257137792,0.9054673329228535,"{'model__regressor__alpha': 0.0031622776601683794, 'model__regressor__gamma': 0.001}",0.0031622776601683794,0.001
leave_one_out,101.0,181.0,114,1.5182044616256856,0.9234838749980554,"{'model__regressor__alpha': 0.01, 'model__regressor__gamma': 0.003}",0.01,0.003
leave_one_out,102.0,183.0,114,1.520766733688265,0.9105751249007881,"{'model__regressor__alpha': 0.0031622776601683794, 'model__regressor__gamma': 0.001}",0.0031622776601683794,0.001
leave_one_out,103.0,185.0,114,1.4958906810705486,0.8898182499688119,"{'model__regressor__alpha': 0.01, 'model__regressor__gamma': 0.003}",0.01,0.003
leave_one_out,104.0,186.0,114,1.4976863585440245,0.9021273339167237,"{'model__regressor__alpha': 0.0031622776601683794, 'model__regressor__gamma': 0.001}",0.0031622776601683794,0.001
leave_one_out,105.0,188.0,114,1.522248504991137,0.905622832942754,"{'model__regressor__alpha': 0.0031622776601683794, 'model__regressor__gamma': 0.001}",0.0031622776601683794,0.001
leave_one_out,106.0,190.0,114,1.5125853510059728,0.9042454159352928,"{'model__regressor__alpha': 0.03162277660168379, 'model__regressor__gamma': 0.003}",0.03162277660168379,0.003
leave_one_out,107.0,191.0,114,1.5200306031597823,0.9183295830152929,"{'model__regressor__alpha': 0.01, 'model__regressor__gamma': 0.003}",0.01,0.003
leave_one_out,108.0,192.0,114,1.5167457896647272,0.9121635410701856,"{'model__regressor__alpha': 0.01, 'model__regressor__gamma': 0.003}",0.01,0.003
leave_one_out,109.0,193.0,114,1.5144479980931749,0.9533522499259561,"{'model__regressor__alpha': 0.0031622776601683794, 'model__regressor__gamma': 0.001}",0.0031622776601683794,0.001
leave_one_out,110.0,195.0,114,1.516611684247314,0.9121127920225263,"{'model__regressor__alpha': 0.0031622776601683794, 'model__regressor__gamma': 0.001}",0.0031622776601683794,0.001
leave_one_out,111.0,198.0,114,1.5115560853108634,0.9066920420154929,"{'model__regressor__alpha': 0.0031622776601683794, 'model__regressor__gamma': 0.001}",0.0031622776601683794,0.001
leave_one_out,112.0,199.0,114,1.5036435782229158,0.8903953329427168,"{'model__regressor__alpha': 0.0031622776601683794, 'model__regressor__gamma': 0.001}",0.0031622776601683794,0.001
leave_one_out,113.0,200.0,114,1.513530420817637,0.8963049589656293,"{'model__regressor__alpha': 0.01, 'model__regressor__gamma': 0.003}",0.01,0.003
leave_one_out,114.0,201.0,114,1.5208768576145637,0.895855666953139,"{'model__regressor__alpha': 0.01, 'model__regressor__gamma': 0.003}",0.01,0.003
production,,,115,1.508595071337025,0.9056307499995455,"{'model__regressor__alpha': 0.001, 'model__regressor__gamma': 0.001}",0.001,0.001
