fit_role,loo_position,sample_id,n_fit_observations,inner_cv_rmse,fit_seconds,best_parameters,model__regressor__alpha,model__regressor__gamma,procedure,outer_fold,SubjectNumber,inner_cv_rmse_years
leave_one_out,0.0,1.0,114.0,1.370277206320263,3.253054833970964,"{'model__regressor__alpha': 0.03162277660168379, 'model__regressor__gamma': 0.003}",0.0316227766016837,0.003,RBF Kernel Ridge,,,
leave_one_out,1.0,2.0,114.0,1.3862402899705155,0.934374041040428,"{'model__regressor__alpha': 0.03162277660168379, 'model__regressor__gamma': 0.003}",0.0316227766016837,0.003,RBF Kernel Ridge,,,
leave_one_out,2.0,3.0,114.0,1.3377030979567262,0.946787084103562,"{'model__regressor__alpha': 0.03162277660168379, 'model__regressor__gamma': 0.003}",0.0316227766016837,0.003,RBF Kernel Ridge,,,
leave_one_out,3.0,5.0,114.0,1.3762056928475028,0.9069133329903708,"{'model__regressor__alpha': 0.03162277660168379, 'model__regressor__gamma': 0.003}",0.0316227766016837,0.003,RBF Kernel Ridge,,,
leave_one_out,4.0,6.0,114.0,1.3829048589908768,0.9517095829360188,"{'model__regressor__alpha': 0.03162277660168379, 'model__regressor__gamma': 0.003}",0.0316227766016837,0.003,RBF Kernel Ridge,,,
leave_one_out,5.0,7.0,114.0,1.3872642089145817,0.9147120830602944,"{'model__regressor__alpha': 0.03162277660168379, 'model__regressor__gamma': 0.003}",0.0316227766016837,0.003,RBF Kernel Ridge,,,
leave_one_out,6.0,8.0,114.0,1.3743544095746991,0.9235972909955308,"{'model__regressor__alpha': 0.03162277660168379, 'model__regressor__gamma': 0.003}",0.0316227766016837,0.003,RBF Kernel Ridge,,,
leave_one_out,7.0,9.0,114.0,1.391266373826063,0.9092969999182968,"{'model__regressor__alpha': 0.03162277660168379, 'model__regressor__gamma': 0.003}",0.0316227766016837,0.003,RBF Kernel Ridge,,,
leave_one_out,8.0,12.0,114.0,1.3810488878605611,0.90077258402016,"{'model__regressor__alpha': 0.03162277660168379, 'model__regressor__gamma': 0.003}",0.0316227766016837,0.003,RBF Kernel Ridge,,,
leave_one_out,9.0,13.0,114.0,1.3831274627896404,0.908796208910644,"{'model__regressor__alpha': 0.03162277660168379, 'model__regressor__gamma': 0.003}",0.0316227766016837,0.003,RBF Kernel Ridge,,,
leave_one_out,10.0,14.0,114.0,1.3708674761520006,0.9756855419836938,"{'model__regressor__alpha': 0.03162277660168379, 'model__regressor__gamma': 0.003}",0.0316227766016837,0.003,RBF Kernel Ridge,,,
leave_one_out,11.0,15.0,114.0,1.3877809203697216,0.9220561659894884,"{'model__regressor__alpha': 0.03162277660168379, 'model__regressor__gamma': 0.003}",0.0316227766016837,0.003,RBF Kernel Ridge,,,
leave_one_out,12.0,16.0,114.0,1.382904720780869,0.91227395797614,"{'model__regressor__alpha': 0.03162277660168379, 'model__regressor__gamma': 0.003}",0.0316227766016837,0.003,RBF Kernel Ridge,,,
leave_one_out,13.0,17.0,114.0,1.3914356631447584,0.9619330000132322,"{'model__regressor__alpha': 0.03162277660168379, 'model__regressor__gamma': 0.003}",0.0316227766016837,0.003,RBF Kernel Ridge,,,
leave_one_out,14.0,18.0,114.0,1.3913014870359393,0.904223500052467,"{'model__regressor__alpha': 0.03162277660168379, 'model__regressor__gamma': 0.003}",0.0316227766016837,0.003,RBF Kernel Ridge,,,
leave_one_out,15.0,19.0,114.0,1.394429369269756,0.914778665988706,"{'model__regressor__alpha': 0.03162277660168379, 'model__regressor__gamma': 0.003}",0.0316227766016837,0.003,RBF Kernel Ridge,,,
leave_one_out,16.0,21.0,114.0,1.371646321174021,0.9119637919357046,"{'model__regressor__alpha': 0.03162277660168379, 'model__regressor__gamma': 0.003}",0.0316227766016837,0.003,RBF Kernel Ridge,,,
leave_one_out,17.0,22.0,114.0,1.370013814698306,0.9191197499167174,"{'model__regressor__alpha': 0.01, 'model__regressor__gamma': 0.003}",0.01,0.003,RBF Kernel Ridge,,,
leave_one_out,18.0,23.0,114.0,1.401814996378289,0.9051955830072984,"{'model__regressor__alpha': 0.03162277660168379, 'model__regressor__gamma': 0.003}",0.0316227766016837,0.003,RBF Kernel Ridge,,,
leave_one_out,19.0,24.0,114.0,1.4222479285627343,0.904941707965918,"{'model__regressor__alpha': 0.03162277660168379, 'model__regressor__gamma': 0.003}",0.0316227766016837,0.003,RBF Kernel Ridge,,,
leave_one_out,20.0,25.0,114.0,1.4155761005579128,0.9098658330040053,"{'model__regressor__alpha': 0.03162277660168379, 'model__regressor__gamma': 0.003}",0.0316227766016837,0.003,RBF Kernel Ridge,,,
leave_one_out,21.0,26.0,114.0,1.4327316015074203,0.9037669169483706,"{'model__regressor__alpha': 0.03162277660168379, 'model__regressor__gamma': 0.003}",0.0316227766016837,0.003,RBF Kernel Ridge,,,
leave_one_out,22.0,27.0,114.0,1.4199170619201733,0.919093000004068,"{'model__regressor__alpha': 0.03162277660168379, 'model__regressor__gamma': 0.003}",0.0316227766016837,0.003,RBF Kernel Ridge,,,
leave_one_out,23.0,28.0,114.0,1.423260303947511,0.91202416701708,"{'model__regressor__alpha': 0.03162277660168379, 'model__regressor__gamma': 0.003}",0.0316227766016837,0.003,RBF Kernel Ridge,,,
leave_one_out,24.0,29.0,114.0,1.426230624211544,1.1439218339510262,"{'model__regressor__alpha': 0.03162277660168379, 'model__regressor__gamma': 0.003}",0.0316227766016837,0.003,RBF Kernel Ridge,,,
leave_one_out,25.0,30.0,114.0,1.4214174185835773,0.8977620420046151,"{'model__regressor__alpha': 0.03162277660168379, 'model__regressor__gamma': 0.003}",0.0316227766016837,0.003,RBF Kernel Ridge,,,
leave_one_out,26.0,32.0,114.0,1.4224547928633196,0.8849980840459466,"{'model__regressor__alpha': 0.03162277660168379, 'model__regressor__gamma': 0.003}",0.0316227766016837,0.003,RBF Kernel Ridge,,,
leave_one_out,27.0,34.0,114.0,1.4160494726707749,0.8962067919783294,"{'model__regressor__alpha': 0.03162277660168379, 'model__regressor__gamma': 0.003}",0.0316227766016837,0.003,RBF Kernel Ridge,,,
leave_one_out,28.0,36.0,114.0,1.4256276762158058,0.8720387500943616,"{'model__regressor__alpha': 0.03162277660168379, 'model__regressor__gamma': 0.003}",0.0316227766016837,0.003,RBF Kernel Ridge,,,
leave_one_out,29.0,37.0,114.0,1.4120860883699309,0.8984610829502344,"{'model__regressor__alpha': 0.03162277660168379, 'model__regressor__gamma': 0.003}",0.0316227766016837,0.003,RBF Kernel Ridge,,,
leave_one_out,30.0,38.0,114.0,1.4038990127787132,0.8822768749669194,"{'model__regressor__alpha': 0.03162277660168379, 'model__regressor__gamma': 0.003}",0.0316227766016837,0.003,RBF Kernel Ridge,,,
leave_one_out,31.0,40.0,114.0,1.412688677094171,0.8819452919997275,"{'model__regressor__alpha': 0.03162277660168379, 'model__regressor__gamma': 0.003}",0.0316227766016837,0.003,RBF Kernel Ridge,,,
leave_one_out,32.0,41.0,114.0,1.3836057849025616,0.8859687079675496,"{'model__regressor__alpha': 0.03162277660168379, 'model__regressor__gamma': 0.003}",0.0316227766016837,0.003,RBF Kernel Ridge,,,
leave_one_out,33.0,43.0,114.0,1.4034630929779772,0.8906380420085043,"{'model__regressor__alpha': 0.03162277660168379, 'model__regressor__gamma': 0.003}",0.0316227766016837,0.003,RBF Kernel Ridge,,,
leave_one_out,34.0,44.0,114.0,1.3800607213543512,0.8884279580088332,"{'model__regressor__alpha': 0.03162277660168379, 'model__regressor__gamma': 0.003}",0.0316227766016837,0.003,RBF Kernel Ridge,,,
leave_one_out,35.0,45.0,114.0,1.3825883429956682,0.907009792048484,"{'model__regressor__alpha': 0.03162277660168379, 'model__regressor__gamma': 0.003}",0.0316227766016837,0.003,RBF Kernel Ridge,,,
leave_one_out,36.0,46.0,114.0,1.389344163494192,0.9078166249673814,"{'model__regressor__alpha': 0.03162277660168379, 'model__regressor__gamma': 0.003}",0.0316227766016837,0.003,RBF Kernel Ridge,,,
leave_one_out,37.0,49.0,114.0,1.3919234490717072,1.030700665898621,"{'model__regressor__alpha': 0.03162277660168379, 'model__regressor__gamma': 0.003}",0.0316227766016837,0.003,RBF Kernel Ridge,,,
leave_one_out,38.0,50.0,114.0,1.382694361389101,0.8837381249759346,"{'model__regressor__alpha': 0.03162277660168379, 'model__regressor__gamma': 0.003}",0.0316227766016837,0.003,RBF Kernel Ridge,,,
leave_one_out,39.0,51.0,114.0,1.3815868217364078,0.8882717919768766,"{'model__regressor__alpha': 0.03162277660168379, 'model__regressor__gamma': 0.003}",0.0316227766016837,0.003,RBF Kernel Ridge,,,
leave_one_out,40.0,52.0,114.0,1.3861806191834414,0.8758600419387221,"{'model__regressor__alpha': 0.03162277660168379, 'model__regressor__gamma': 0.003}",0.0316227766016837,0.003,RBF Kernel Ridge,,,
leave_one_out,41.0,53.0,114.0,1.3737998535725928,0.8746845409041271,"{'model__regressor__alpha': 0.03162277660168379, 'model__regressor__gamma': 0.003}",0.0316227766016837,0.003,RBF Kernel Ridge,,,
leave_one_out,42.0,54.0,114.0,1.376033154907321,0.8958461669972166,"{'model__regressor__alpha': 0.03162277660168379, 'model__regressor__gamma': 0.003}",0.0316227766016837,0.003,RBF Kernel Ridge,,,
leave_one_out,43.0,55.0,114.0,1.381362170986282,0.8732929580146447,"{'model__regressor__alpha': 0.03162277660168379, 'model__regressor__gamma': 0.003}",0.0316227766016837,0.003,RBF Kernel Ridge,,,
leave_one_out,44.0,56.0,114.0,1.37896539898651,0.880629583960399,"{'model__regressor__alpha': 0.03162277660168379, 'model__regressor__gamma': 0.003}",0.0316227766016837,0.003,RBF Kernel Ridge,,,
leave_one_out,45.0,58.0,114.0,1.4155021668782848,0.8672463750699535,"{'model__regressor__alpha': 0.03162277660168379, 'model__regressor__gamma': 0.003}",0.0316227766016837,0.003,RBF Kernel Ridge,,,
leave_one_out,46.0,59.0,114.0,1.4146544692895082,0.8957143339794129,"{'model__regressor__alpha': 0.03162277660168379, 'model__regressor__gamma': 0.003}",0.0316227766016837,0.003,RBF Kernel Ridge,,,
leave_one_out,47.0,60.0,114.0,1.412312840290776,0.8794878750341013,"{'model__regressor__alpha': 0.01, 'model__regressor__gamma': 0.003}",0.01,0.003,RBF Kernel Ridge,,,
leave_one_out,48.0,101.0,114.0,1.425848203496594,0.8874429580755532,"{'model__regressor__alpha': 0.03162277660168379, 'model__regressor__gamma': 0.003}",0.0316227766016837,0.003,RBF Kernel Ridge,,,
leave_one_out,49.0,102.0,114.0,1.4221663928242363,0.8809652089839801,"{'model__regressor__alpha': 0.03162277660168379, 'model__regressor__gamma': 0.003}",0.0316227766016837,0.003,RBF Kernel Ridge,,,
leave_one_out,50.0,104.0,114.0,1.4609677377084034,0.8851477919379249,"{'model__regressor__alpha': 0.01, 'model__regressor__gamma': 0.001}",0.01,0.001,RBF Kernel Ridge,,,
leave_one_out,51.0,106.0,114.0,1.4553911679516582,0.8692903330083936,"{'model__regressor__alpha': 0.03162277660168379, 'model__regressor__gamma': 0.003}",0.0316227766016837,0.003,RBF Kernel Ridge,,,
leave_one_out,52.0,108.0,114.0,1.4421449033480065,0.8725745410192758,"{'model__regressor__alpha': 0.03162277660168379, 'model__regressor__gamma': 0.003}",0.0316227766016837,0.003,RBF Kernel Ridge,,,
leave_one_out,53.0,109.0,114.0,1.4253197851458803,0.8738627909915522,"{'model__regressor__alpha': 0.0031622776601683794, 'model__regressor__gamma': 0.001}",0.0031622776601683,0.001,RBF Kernel Ridge,,,
leave_one_out,54.0,110.0,114.0,1.467780277335444,0.871216082945466,"{'model__regressor__alpha': 0.03162277660168379, 'model__regressor__gamma': 0.003}",0.0316227766016837,0.003,RBF Kernel Ridge,,,
leave_one_out,55.0,112.0,114.0,1.4681665508591024,0.8840925419935957,"{'model__regressor__alpha': 0.0031622776601683794, 'model__regressor__gamma': 0.001}",0.0031622776601683,0.001,RBF Kernel Ridge,,,
leave_one_out,56.0,113.0,114.0,1.4781825080392987,0.8670140829635784,"{'model__regressor__alpha': 0.03162277660168379, 'model__regressor__gamma': 0.003}",0.0316227766016837,0.003,RBF Kernel Ridge,,,
leave_one_out,57.0,115.0,114.0,1.4560404980843968,0.8769615419441834,"{'model__regressor__alpha': 0.0031622776601683794, 'model__regressor__gamma': 0.001}",0.0031622776601683,0.001,RBF Kernel Ridge,,,
leave_one_out,58.0,116.0,114.0,1.4515155467934802,0.8797643750440329,"{'model__regressor__alpha': 0.0031622776601683794, 'model__regressor__gamma': 0.001}",0.0031622776601683,0.001,RBF Kernel Ridge,,,
leave_one_out,59.0,118.0,114.0,1.4486885717371298,0.8701134999282658,"{'model__regressor__alpha': 0.0031622776601683794, 'model__regressor__gamma': 0.001}",0.0031622776601683,0.001,RBF Kernel Ridge,,,
leave_one_out,60.0,119.0,114.0,1.4564382175832808,0.898661290993914,"{'model__regressor__alpha': 0.0031622776601683794, 'model__regressor__gamma': 0.001}",0.0031622776601683,0.001,RBF Kernel Ridge,,,
leave_one_out,61.0,120.0,114.0,1.492849049495415,0.9036761249881238,"{'model__regressor__alpha': 0.03162277660168379, 'model__regressor__gamma': 0.003}",0.0316227766016837,0.003,RBF Kernel Ridge,,,
leave_one_out,62.0,121.0,114.0,1.4781633144927118,0.8942381659289822,"{'model__regressor__alpha': 0.0031622776601683794, 'model__regressor__gamma': 0.001}",0.0031622776601683,0.001,RBF Kernel Ridge,,,
leave_one_out,63.0,122.0,114.0,1.4439582424924886,0.8817326249554753,"{'model__regressor__alpha': 0.01, 'model__regressor__gamma': 0.003}",0.01,0.003,RBF Kernel Ridge,,,
leave_one_out,64.0,124.0,114.0,1.462537312491795,0.9239257909357548,"{'model__regressor__alpha': 0.01, 'model__regressor__gamma': 0.003}",0.01,0.003,RBF Kernel Ridge,,,
leave_one_out,65.0,125.0,114.0,1.4656824212033712,0.8814030420035124,"{'model__regressor__alpha': 0.01, 'model__regressor__gamma': 0.003}",0.01,0.003,RBF Kernel Ridge,,,
leave_one_out,66.0,126.0,114.0,1.4601394678352049,0.8729725409066305,"{'model__regressor__alpha': 0.01, 'model__regressor__gamma': 0.003}",0.01,0.003,RBF Kernel Ridge,,,
leave_one_out,67.0,127.0,114.0,1.464818879154867,0.8833593749441206,"{'model__regressor__alpha': 0.01, 'model__regressor__gamma': 0.003}",0.01,0.003,RBF Kernel Ridge,,,
leave_one_out,68.0,129.0,114.0,1.4699839438626452,0.8965743749868125,"{'model__regressor__alpha': 0.01, 'model__regressor__gamma': 0.003}",0.01,0.003,RBF Kernel Ridge,,,
leave_one_out,69.0,130.0,114.0,1.4352245433681332,0.8982804579427466,"{'model__regressor__alpha': 0.01, 'model__regressor__gamma': 0.003}",0.01,0.003,RBF Kernel Ridge,,,
leave_one_out,70.0,133.0,114.0,1.44720623784066,0.8951327920658514,"{'model__regressor__alpha': 0.01, 'model__regressor__gamma': 0.003}",0.01,0.003,RBF Kernel Ridge,,,
leave_one_out,71.0,135.0,114.0,1.4526183245624382,0.8946799580007792,"{'model__regressor__alpha': 0.01, 'model__regressor__gamma': 0.003}",0.01,0.003,RBF Kernel Ridge,,,
leave_one_out,72.0,137.0,114.0,1.4139886424292345,0.9025785829871892,"{'model__regressor__alpha': 0.001, 'model__regressor__gamma': 0.001}",0.001,0.001,RBF Kernel Ridge,,,
leave_one_out,73.0,138.0,114.0,1.481682935791876,0.9074729999992996,"{'model__regressor__alpha': 0.001, 'model__regressor__gamma': 0.001}",0.001,0.001,RBF Kernel Ridge,,,
leave_one_out,74.0,139.0,114.0,1.517545648206175,0.90059187496081,"{'model__regressor__alpha': 0.01, 'model__regressor__gamma': 0.003}",0.01,0.003,RBF Kernel Ridge,,,
leave_one_out,75.0,140.0,114.0,1.5119459190122226,0.9026884579798208,"{'model__regressor__alpha': 0.01, 'model__regressor__gamma': 0.003}",0.01,0.003,RBF Kernel Ridge,,,
leave_one_out,76.0,141.0,114.0,1.5047870321678192,0.9044272500323132,"{'model__regressor__alpha': 0.01, 'model__regressor__gamma': 0.003}",0.01,0.003,RBF Kernel Ridge,,,
leave_one_out,77.0,142.0,114.0,1.5035490627672308,0.8825533750932664,"{'model__regressor__alpha': 0.01, 'model__regressor__gamma': 0.003}",0.01,0.003,RBF Kernel Ridge,,,
leave_one_out,78.0,144.0,114.0,1.4670668272059908,0.8990927919512615,"{'model__regressor__alpha': 0.03162277660168379, 'model__regressor__gamma': 0.003}",0.0316227766016837,0.003,RBF Kernel Ridge,,,
leave_one_out,79.0,145.0,114.0,1.5349997294821491,0.9098827089183033,"{'model__regressor__alpha': 0.0031622776601683794, 'model__regressor__gamma': 0.001}",0.0031622776601683,0.001,RBF Kernel Ridge,,,
leave_one_out,80.0,146.0,114.0,1.5462314836024034,0.9055471669416876,"{'model__regressor__alpha': 0.001, 'model__regressor__gamma': 0.001}",0.001,0.001,RBF Kernel Ridge,,,
leave_one_out,81.0,147.0,114.0,1.548784129871836,0.8963764999061823,"{'model__regressor__alpha': 0.01, 'model__regressor__gamma': 0.003}",0.01,0.003,RBF Kernel Ridge,,,
leave_one_out,82.0,148.0,114.0,1.5207234013379003,0.895868125022389,"{'model__regressor__alpha': 0.001, 'model__regressor__gamma': 0.001}",0.001,0.001,RBF Kernel Ridge,,,
leave_one_out,83.0,149.0,114.0,1.54499736069314,0.8956614579074085,"{'model__regressor__alpha': 0.001, 'model__regressor__gamma': 0.001}",0.001,0.001,RBF Kernel Ridge,,,
leave_one_out,84.0,150.0,114.0,1.541536521587581,0.9125023329397663,"{'model__regressor__alpha': 0.01, 'model__regressor__gamma': 0.003}",0.01,0.003,RBF Kernel Ridge,,,
leave_one_out,85.0,151.0,114.0,1.5400760793154833,0.9762554579647258,"{'model__regressor__alpha': 0.01, 'model__regressor__gamma': 0.003}",0.01,0.003,RBF Kernel Ridge,,,
leave_one_out,86.0,153.0,114.0,1.5468907606967457,0.9083612089743838,"{'model__regressor__alpha': 0.01, 'model__regressor__gamma': 0.003}",0.01,0.003,RBF Kernel Ridge,,,
leave_one_out,87.0,154.0,114.0,1.5311060157685676,0.8899782499065623,"{'model__regressor__alpha': 0.001, 'model__regressor__gamma': 0.001}",0.001,0.001,RBF Kernel Ridge,,,
leave_one_out,88.0,158.0,114.0,1.5405415036161605,0.89132262498606,"{'model__regressor__alpha': 0.001, 'model__regressor__gamma': 0.001}",0.001,0.001,RBF Kernel Ridge,,,
leave_one_out,89.0,160.0,114.0,1.549919277698833,0.9724367910530418,"{'model__regressor__alpha': 0.01, 'model__regressor__gamma': 0.003}",0.01,0.003,RBF Kernel Ridge,,,
leave_one_out,90.0,165.0,114.0,1.4962188437827943,0.8830189589643851,"{'model__regressor__alpha': 0.001, 'model__regressor__gamma': 0.001}",0.001,0.001,RBF Kernel Ridge,,,
leave_one_out,91.0,166.0,114.0,1.494788804549931,0.8934305419679731,"{'model__regressor__alpha': 0.001, 'model__regressor__gamma': 0.001}",0.001,0.001,RBF Kernel Ridge,,,
leave_one_out,92.0,167.0,114.0,1.5297551878779247,0.8877301670145243,"{'model__regressor__alpha': 0.01, 'model__regressor__gamma': 0.003}",0.01,0.003,RBF Kernel Ridge,,,
leave_one_out,93.0,169.0,114.0,1.518233338604348,0.8926792499842122,"{'model__regressor__alpha': 0.01, 'model__regressor__gamma': 0.003}",0.01,0.003,RBF Kernel Ridge,,,
leave_one_out,94.0,170.0,114.0,1.52526598721542,0.9033837089082226,"{'model__regressor__alpha': 0.001, 'model__regressor__gamma': 0.001}",0.001,0.001,RBF Kernel Ridge,,,
leave_one_out,95.0,171.0,114.0,1.524898404546904,0.9045787079958244,"{'model__regressor__alpha': 0.01, 'model__regressor__gamma': 0.003}",0.01,0.003,RBF Kernel Ridge,,,
leave_one_out,96.0,172.0,114.0,1.5266488586164793,0.8945174169493839,"{'model__regressor__alpha': 0.01, 'model__regressor__gamma': 0.003}",0.01,0.003,RBF Kernel Ridge,,,
leave_one_out,97.0,173.0,114.0,1.522258998781022,0.8865799580235034,"{'model__regressor__alpha': 0.01, 'model__regressor__gamma': 0.003}",0.01,0.003,RBF Kernel Ridge,,,
leave_one_out,98.0,174.0,114.0,1.523009800391543,0.891627375036478,"{'model__regressor__alpha': 0.01, 'model__regressor__gamma': 0.003}",0.01,0.003,RBF Kernel Ridge,,,
leave_one_out,99.0,176.0,114.0,1.53125323503314,0.9463691249256954,"{'model__regressor__alpha': 0.0031622776601683794, 'model__regressor__gamma': 0.001}",0.0031622776601683,0.001,RBF Kernel Ridge,,,
leave_one_out,100.0,178.0,114.0,1.5371957257137792,0.9054673329228536,"{'model__regressor__alpha': 0.0031622776601683794, 'model__regressor__gamma': 0.001}",0.0031622776601683,0.001,RBF Kernel Ridge,,,
leave_one_out,101.0,181.0,114.0,1.5182044616256856,0.9234838749980554,"{'model__regressor__alpha': 0.01, 'model__regressor__gamma': 0.003}",0.01,0.003,RBF Kernel Ridge,,,
leave_one_out,102.0,183.0,114.0,1.520766733688265,0.910575124900788,"{'model__regressor__alpha': 0.0031622776601683794, 'model__regressor__gamma': 0.001}",0.0031622776601683,0.001,RBF Kernel Ridge,,,
leave_one_out,103.0,185.0,114.0,1.4958906810705486,0.8898182499688119,"{'model__regressor__alpha': 0.01, 'model__regressor__gamma': 0.003}",0.01,0.003,RBF Kernel Ridge,,,
leave_one_out,104.0,186.0,114.0,1.4976863585440243,0.9021273339167236,"{'model__regressor__alpha': 0.0031622776601683794, 'model__regressor__gamma': 0.001}",0.0031622776601683,0.001,RBF Kernel Ridge,,,
leave_one_out,105.0,188.0,114.0,1.522248504991137,0.905622832942754,"{'model__regressor__alpha': 0.0031622776601683794, 'model__regressor__gamma': 0.001}",0.0031622776601683,0.001,RBF Kernel Ridge,,,
leave_one_out,106.0,190.0,114.0,1.5125853510059728,0.9042454159352928,"{'model__regressor__alpha': 0.03162277660168379, 'model__regressor__gamma': 0.003}",0.0316227766016837,0.003,RBF Kernel Ridge,,,
leave_one_out,107.0,191.0,114.0,1.5200306031597823,0.9183295830152928,"{'model__regressor__alpha': 0.01, 'model__regressor__gamma': 0.003}",0.01,0.003,RBF Kernel Ridge,,,
leave_one_out,108.0,192.0,114.0,1.5167457896647272,0.9121635410701856,"{'model__regressor__alpha': 0.01, 'model__regressor__gamma': 0.003}",0.01,0.003,RBF Kernel Ridge,,,
leave_one_out,109.0,193.0,114.0,1.5144479980931749,0.953352249925956,"{'model__regressor__alpha': 0.0031622776601683794, 'model__regressor__gamma': 0.001}",0.0031622776601683,0.001,RBF Kernel Ridge,,,
leave_one_out,110.0,195.0,114.0,1.516611684247314,0.9121127920225264,"{'model__regressor__alpha': 0.0031622776601683794, 'model__regressor__gamma': 0.001}",0.0031622776601683,0.001,RBF Kernel Ridge,,,
leave_one_out,111.0,198.0,114.0,1.5115560853108634,0.9066920420154928,"{'model__regressor__alpha': 0.0031622776601683794, 'model__regressor__gamma': 0.001}",0.0031622776601683,0.001,RBF Kernel Ridge,,,
leave_one_out,112.0,199.0,114.0,1.5036435782229158,0.8903953329427168,"{'model__regressor__alpha': 0.0031622776601683794, 'model__regressor__gamma': 0.001}",0.0031622776601683,0.001,RBF Kernel Ridge,,,
leave_one_out,113.0,200.0,114.0,1.513530420817637,0.8963049589656293,"{'model__regressor__alpha': 0.01, 'model__regressor__gamma': 0.003}",0.01,0.003,RBF Kernel Ridge,,,
leave_one_out,114.0,201.0,114.0,1.5208768576145637,0.895855666953139,"{'model__regressor__alpha': 0.01, 'model__regressor__gamma': 0.003}",0.01,0.003,RBF Kernel Ridge,,,
,,,,,,"{'model__alpha': 0.051089697745069294, 'model__l1_ratio': 0.25}",,,ElasticNet,1.0,1.0,1.4256567982934656
,,,,,,{'model__alpha': 0.03162277660168379},,,Lasso,1.0,1.0,1.4363961414191204
,,,,,,{'model__alpha': 5.623413251903491},,,Ridge,1.0,1.0,1.4340704245742024
,,,,,,{},,,OLS,1.0,1.0,
,,,,,,"{'model__alpha': 0.0825404185268019, 'model__l1_ratio': 0.1}",,,ElasticNet,2.0,2.0,1.4485128107549603
,,,,,,{'model__alpha': 0.03162277660168379},,,Lasso,2.0,2.0,1.4657159772427282
,,,,,,{'model__alpha': 10.0},,,Ridge,2.0,2.0,1.4513271484306929
,,,,,,{},,,OLS,2.0,2.0,
,,,,,,"{'model__alpha': 0.051089697745069294, 'model__l1_ratio': 0.25}",,,ElasticNet,3.0,3.0,1.3932968224777862
,,,,,,{'model__alpha': 0.03162277660168379},,,Lasso,3.0,3.0,1.404976747954667
,,,,,,{'model__alpha': 10.0},,,Ridge,3.0,3.0,1.3976223995870247
,,,,,,{},,,OLS,3.0,3.0,
,,,,,,"{'model__alpha': 0.051089697745069294, 'model__l1_ratio': 0.25}",,,ElasticNet,4.0,5.0,1.436828559925753
,,,,,,{'model__alpha': 0.03162277660168379},,,Lasso,4.0,5.0,1.4482170582973977
,,,,,,{'model__alpha': 10.0},,,Ridge,4.0,5.0,1.445878031992652
,,,,,,{},,,OLS,4.0,5.0,
,,,,,,"{'model__alpha': 0.051089697745069294, 'model__l1_ratio': 0.25}",,,ElasticNet,5.0,6.0,1.438073766019537
,,,,,,{'model__alpha': 0.03162277660168379},,,Lasso,5.0,6.0,1.4511788695597532
,,,,,,{'model__alpha': 10.0},,,Ridge,5.0,6.0,1.4496739395994944
,,,,,,{},,,OLS,5.0,6.0,
,,,,,,"{'model__alpha': 0.051089697745069294, 'model__l1_ratio': 0.25}",,,ElasticNet,6.0,7.0,1.4465750639087924
,,,,,,{'model__alpha': 0.03162277660168379},,,Lasso,6.0,7.0,1.4634629514026938
,,,,,,{'model__alpha': 10.0},,,Ridge,6.0,7.0,1.455201771831702
,,,,,,{},,,OLS,6.0,7.0,
,,,,,,"{'model__alpha': 0.051089697745069294, 'model__l1_ratio': 0.25}",,,ElasticNet,7.0,8.0,1.4365527978457358
,,,,,,{'model__alpha': 0.03162277660168379},,,Lasso,7.0,8.0,1.4496133392715371
,,,,,,{'model__alpha': 10.0},,,Ridge,7.0,8.0,1.4423610321732845
,,,,,,{},,,OLS,7.0,8.0,
,,,,,,"{'model__alpha': 0.051089697745069294, 'model__l1_ratio': 0.25}",,,ElasticNet,8.0,9.0,1.4503984684760578
,,,,,,{'model__alpha': 0.03162277660168379},,,Lasso,8.0,9.0,1.4643240696050164
,,,,,,{'model__alpha': 10.0},,,Ridge,8.0,9.0,1.4560786708371238
,,,,,,{},,,OLS,8.0,9.0,
,,,,,,"{'model__alpha': 0.0825404185268019, 'model__l1_ratio': 0.1}",,,ElasticNet,9.0,12.0,1.4491959453920564
,,,,,,{'model__alpha': 0.03162277660168379},,,Lasso,9.0,12.0,1.4527846668235007
,,,,,,{'model__alpha': 10.0},,,Ridge,9.0,12.0,1.449922088205506
,,,,,,{},,,OLS,9.0,12.0,
,,,,,,"{'model__alpha': 0.0825404185268019, 'model__l1_ratio': 0.1}",,,ElasticNet,10.0,13.0,1.4459429744026635
,,,,,,{'model__alpha': 0.03162277660168379},,,Lasso,10.0,13.0,1.4689387228851356
,,,,,,{'model__alpha': 10.0},,,Ridge,10.0,13.0,1.450413482468284
,,,,,,{},,,OLS,10.0,13.0,
,,,,,,"{'model__alpha': 0.051089697745069294, 'model__l1_ratio': 0.25}",,,ElasticNet,11.0,14.0,1.4299998024732732
,,,,,,{'model__alpha': 0.03162277660168379},,,Lasso,11.0,14.0,1.4515286375224528
,,,,,,{'model__alpha': 10.0},,,Ridge,11.0,14.0,1.4347148608809233
,,,,,,{},,,OLS,11.0,14.0,
,,,,,,"{'model__alpha': 0.051089697745069294, 'model__l1_ratio': 0.25}",,,ElasticNet,12.0,15.0,1.445134568309529
,,,,,,{'model__alpha': 0.03162277660168379},,,Lasso,12.0,15.0,1.4583201259804062
,,,,,,{'model__alpha': 10.0},,,Ridge,12.0,15.0,1.4583791790422136
,,,,,,{},,,OLS,12.0,15.0,
,,,,,,"{'model__alpha': 0.051089697745069294, 'model__l1_ratio': 0.25}",,,ElasticNet,13.0,16.0,1.4448754155495436
,,,,,,{'model__alpha': 0.03162277660168379},,,Lasso,13.0,16.0,1.4606423098543029
,,,,,,{'model__alpha': 10.0},,,Ridge,13.0,16.0,1.453280189811924
,,,,,,{},,,OLS,13.0,16.0,
,,,,,,"{'model__alpha': 0.051089697745069294, 'model__l1_ratio': 0.25}",,,ElasticNet,14.0,17.0,1.442893912018988
,,,,,,{'model__alpha': 0.03162277660168379},,,Lasso,14.0,17.0,1.456272610415518
,,,,,,{'model__alpha': 10.0},,,Ridge,14.0,17.0,1.4527603243461191
,,,,,,{},,,OLS,14.0,17.0,
,,,,,,"{'model__alpha': 0.051089697745069294, 'model__l1_ratio': 0.25}",,,ElasticNet,15.0,18.0,1.4450336253079423
,,,,,,{'model__alpha': 0.03162277660168379},,,Lasso,15.0,18.0,1.4640417458623824
,,,,,,{'model__alpha': 10.0},,,Ridge,15.0,18.0,1.4538937939982957
,,,,,,{},,,OLS,15.0,18.0,
,,,,,,"{'model__alpha': 0.051089697745069294, 'model__l1_ratio': 0.25}",,,ElasticNet,16.0,19.0,1.4553147326742824
,,,,,,{'model__alpha': 0.03162277660168379},,,Lasso,16.0,19.0,1.4714293134764878
,,,,,,{'model__alpha': 10.0},,,Ridge,16.0,19.0,1.4649126898534208
,,,,,,{},,,OLS,16.0,19.0,
,,,,,,"{'model__alpha': 0.051089697745069294, 'model__l1_ratio': 0.25}",,,ElasticNet,17.0,21.0,1.438765800009215
,,,,,,{'model__alpha': 0.03162277660168379},,,Lasso,17.0,21.0,1.45343542164046
,,,,,,{'model__alpha': 10.0},,,Ridge,17.0,21.0,1.4455243828780244
,,,,,,{},,,OLS,17.0,21.0,
,,,,,,"{'model__alpha': 0.051089697745069294, 'model__l1_ratio': 0.25}",,,ElasticNet,18.0,22.0,1.4388768498710396
,,,,,,{'model__alpha': 0.03162277660168379},,,Lasso,18.0,22.0,1.4521313085195635
,,,,,,{'model__alpha': 5.623413251903491},,,Ridge,18.0,22.0,1.443335384672242
,,,,,,{},,,OLS,18.0,22.0,
,,,,,,"{'model__alpha': 0.051089697745069294, 'model__l1_ratio': 0.25}",,,ElasticNet,19.0,23.0,1.4490674915871458
,,,,,,{'model__alpha': 0.03162277660168379},,,Lasso,19.0,23.0,1.4547179951640574
,,,,,,{'model__alpha': 5.623413251903491},,,Ridge,19.0,23.0,1.4532612037846249
,,,,,,{},,,OLS,19.0,23.0,
,,,,,,"{'model__alpha': 0.051089697745069294, 'model__l1_ratio': 0.25}",,,ElasticNet,20.0,24.0,1.4764579256928454
,,,,,,{'model__alpha': 0.019573417814876617},,,Lasso,20.0,24.0,1.4857358110043295
,,,,,,{'model__alpha': 10.0},,,Ridge,20.0,24.0,1.4824249971465913
,,,,,,{},,,OLS,20.0,24.0,
,,,,,,"{'model__alpha': 0.051089697745069294, 'model__l1_ratio': 0.25}",,,ElasticNet,21.0,25.0,1.469231170540851
,,,,,,{'model__alpha': 0.019573417814876617},,,Lasso,21.0,25.0,1.4772190209951086
,,,,,,{'model__alpha': 10.0},,,Ridge,21.0,25.0,1.4795251189466336
,,,,,,{},,,OLS,21.0,25.0,
,,,,,,"{'model__alpha': 0.051089697745069294, 'model__l1_ratio': 0.25}",,,ElasticNet,22.0,26.0,1.4804357076995698
,,,,,,{'model__alpha': 0.019573417814876617},,,Lasso,22.0,26.0,1.4908115964927868
,,,,,,{'model__alpha': 10.0},,,Ridge,22.0,26.0,1.4878335740496118
,,,,,,{},,,OLS,22.0,26.0,
,,,,,,"{'model__alpha': 0.051089697745069294, 'model__l1_ratio': 0.25}",,,ElasticNet,23.0,27.0,1.4699335632245445
,,,,,,{'model__alpha': 0.019573417814876617},,,Lasso,23.0,27.0,1.478009722374276
,,,,,,{'model__alpha': 10.0},,,Ridge,23.0,27.0,1.4743225111699347
,,,,,,{},,,OLS,23.0,27.0,
,,,,,,"{'model__alpha': 0.051089697745069294, 'model__l1_ratio': 0.25}",,,ElasticNet,24.0,28.0,1.467695056268082
,,,,,,{'model__alpha': 0.019573417814876617},,,Lasso,24.0,28.0,1.472525989823461
,,,,,,{'model__alpha': 5.623413251903491},,,Ridge,24.0,28.0,1.4769622324436469
,,,,,,{},,,OLS,24.0,28.0,
,,,,,,"{'model__alpha': 0.051089697745069294, 'model__l1_ratio': 0.25}",,,ElasticNet,25.0,29.0,1.473055536814181
,,,,,,{'model__alpha': 0.03162277660168379},,,Lasso,25.0,29.0,1.4843089921848354
,,,,,,{'model__alpha': 10.0},,,Ridge,25.0,29.0,1.478789650442614
,,,,,,{},,,OLS,25.0,29.0,
,,,,,,"{'model__alpha': 0.051089697745069294, 'model__l1_ratio': 0.25}",,,ElasticNet,26.0,30.0,1.4624845802370032
,,,,,,{'model__alpha': 0.019573417814876617},,,Lasso,26.0,30.0,1.4677791565238976
,,,,,,{'model__alpha': 5.623413251903491},,,Ridge,26.0,30.0,1.4708721411106254
,,,,,,{},,,OLS,26.0,30.0,
,,,,,,"{'model__alpha': 0.051089697745069294, 'model__l1_ratio': 0.25}",,,ElasticNet,27.0,32.0,1.4636707328457588
,,,,,,{'model__alpha': 0.019573417814876617},,,Lasso,27.0,32.0,1.4684087466353768
,,,,,,{'model__alpha': 10.0},,,Ridge,27.0,32.0,1.4728414314620604
,,,,,,{},,,OLS,27.0,32.0,
,,,,,,"{'model__alpha': 0.051089697745069294, 'model__l1_ratio': 0.25}",,,ElasticNet,28.0,34.0,1.4607443303868848
,,,,,,{'model__alpha': 0.019573417814876617},,,Lasso,28.0,34.0,1.4642456402954898
,,,,,,{'model__alpha': 5.623413251903491},,,Ridge,28.0,34.0,1.4679227372612946
,,,,,,{},,,OLS,28.0,34.0,
,,,,,,"{'model__alpha': 0.051089697745069294, 'model__l1_ratio': 0.25}",,,ElasticNet,29.0,36.0,1.466683633869798
,,,,,,{'model__alpha': 0.019573417814876617},,,Lasso,29.0,36.0,1.472179766078454
,,,,,,{'model__alpha': 10.0},,,Ridge,29.0,36.0,1.470431937545125
,,,,,,{},,,OLS,29.0,36.0,
,,,,,,"{'model__alpha': 0.051089697745069294, 'model__l1_ratio': 0.25}",,,ElasticNet,30.0,37.0,1.450757662214126
,,,,,,{'model__alpha': 0.019573417814876617},,,Lasso,30.0,37.0,1.455705094948519
,,,,,,{'model__alpha': 10.0},,,Ridge,30.0,37.0,1.4573806454434632
,,,,,,{},,,OLS,30.0,37.0,
,,,,,,"{'model__alpha': 0.051089697745069294, 'model__l1_ratio': 0.25}",,,ElasticNet,31.0,38.0,1.4474279377510664
,,,,,,{'model__alpha': 0.03162277660168379},,,Lasso,31.0,38.0,1.4540829098195434
,,,,,,{'model__alpha': 10.0},,,Ridge,31.0,38.0,1.4568412610734105
,,,,,,{},,,OLS,31.0,38.0,
,,,,,,"{'model__alpha': 0.051089697745069294, 'model__l1_ratio': 0.25}",,,ElasticNet,32.0,40.0,1.4522370741686943
,,,,,,{'model__alpha': 0.03162277660168379},,,Lasso,32.0,40.0,1.4559135833032828
,,,,,,{'model__alpha': 10.0},,,Ridge,32.0,40.0,1.462718927331116
,,,,,,{},,,OLS,32.0,40.0,
,,,,,,"{'model__alpha': 0.051089697745069294, 'model__l1_ratio': 0.25}",,,ElasticNet,33.0,41.0,1.4256429733192486
,,,,,,{'model__alpha': 0.019573417814876617},,,Lasso,33.0,41.0,1.432796232270044
,,,,,,{'model__alpha': 5.623413251903491},,,Ridge,33.0,41.0,1.4313958360491434
,,,,,,{},,,OLS,33.0,41.0,
,,,,,,"{'model__alpha': 0.051089697745069294, 'model__l1_ratio': 0.25}",,,ElasticNet,34.0,43.0,1.4357584929923566
,,,,,,{'model__alpha': 0.019573417814876617},,,Lasso,34.0,43.0,1.4408809094277557
,,,,,,{'model__alpha': 5.623413251903491},,,Ridge,34.0,43.0,1.449552275630034
,,,,,,{},,,OLS,34.0,43.0,
,,,,,,"{'model__alpha': 0.03162277660168379, 'model__l1_ratio': 0.75}",,,ElasticNet,35.0,44.0,1.425037475136433
,,,,,,{'model__alpha': 0.03162277660168379},,,Lasso,35.0,44.0,1.4302281928300031
,,,,,,{'model__alpha': 5.623413251903491},,,Ridge,35.0,44.0,1.4411449937988483
,,,,,,{},,,OLS,35.0,44.0,
,,,,,,"{'model__alpha': 0.03162277660168379, 'model__l1_ratio': 0.75}",,,ElasticNet,36.0,45.0,1.4168386818017968
,,,,,,{'model__alpha': 0.03162277660168379},,,Lasso,36.0,45.0,1.4184726401203445
,,,,,,{'model__alpha': 5.623413251903491},,,Ridge,36.0,45.0,1.4356300815265686
,,,,,,{},,,OLS,36.0,45.0,
,,,,,,"{'model__alpha': 0.03162277660168379, 'model__l1_ratio': 0.9}",,,ElasticNet,37.0,46.0,1.4236783714886077
,,,,,,{'model__alpha': 0.03162277660168379},,,Lasso,37.0,46.0,1.4243098539215389
,,,,,,{'model__alpha': 5.623413251903491},,,Ridge,37.0,46.0,1.44612326789509
,,,,,,{},,,OLS,37.0,46.0,
,,,,,,"{'model__alpha': 0.051089697745069294, 'model__l1_ratio': 0.5}",,,ElasticNet,38.0,49.0,1.4116864399502451
,,,,,,{'model__alpha': 0.03162277660168379},,,Lasso,38.0,49.0,1.412121723292804
,,,,,,{'model__alpha': 5.623413251903491},,,Ridge,38.0,49.0,1.4251023212139844
,,,,,,{},,,OLS,38.0,49.0,
,,,,,,"{'model__alpha': 0.051089697745069294, 'model__l1_ratio': 0.5}",,,ElasticNet,39.0,50.0,1.4187580260145278
,,,,,,{'model__alpha': 0.03162277660168379},,,Lasso,39.0,50.0,1.4239891391917148
,,,,,,{'model__alpha': 5.623413251903491},,,Ridge,39.0,50.0,1.4315794172560703
,,,,,,{},,,OLS,39.0,50.0,
,,,,,,"{'model__alpha': 0.03162277660168379, 'model__l1_ratio': 0.5}",,,ElasticNet,40.0,51.0,1.3985343320584518
,,,,,,{'model__alpha': 0.019573417814876617},,,Lasso,40.0,51.0,1.4027542571700875
,,,,,,{'model__alpha': 5.623413251903491},,,Ridge,40.0,51.0,1.4111828685227346
,,,,,,{},,,OLS,40.0,51.0,
,,,,,,"{'model__alpha': 0.051089697745069294, 'model__l1_ratio': 0.5}",,,ElasticNet,41.0,52.0,1.408964022169264
,,,,,,{'model__alpha': 0.03162277660168379},,,Lasso,41.0,52.0,1.4108183572852762
,,,,,,{'model__alpha': 5.623413251903491},,,Ridge,41.0,52.0,1.4276772995391034
,,,,,,{},,,OLS,41.0,52.0,
,,,,,,"{'model__alpha': 0.03162277660168379, 'model__l1_ratio': 0.75}",,,ElasticNet,42.0,53.0,1.4047169130978148
,,,,,,{'model__alpha': 0.03162277660168379},,,Lasso,42.0,53.0,1.4068872333534606
,,,,,,{'model__alpha': 5.623413251903491},,,Ridge,42.0,53.0,1.422911896217813
,,,,,,{},,,OLS,42.0,53.0,
,,,,,,"{'model__alpha': 0.03162277660168379, 'model__l1_ratio': 0.75}",,,ElasticNet,43.0,54.0,1.3993269039599892
,,,,,,{'model__alpha': 0.03162277660168379},,,Lasso,43.0,54.0,1.4025294965030772
,,,,,,{'model__alpha': 5.623413251903491},,,Ridge,43.0,54.0,1.412771920848254
,,,,,,{},,,OLS,43.0,54.0,
,,,,,,"{'model__alpha': 0.051089697745069294, 'model__l1_ratio': 0.5}",,,ElasticNet,44.0,55.0,1.403821831034591
,,,,,,{'model__alpha': 0.03162277660168379},,,Lasso,44.0,55.0,1.406213787122108
,,,,,,{'model__alpha': 5.623413251903491},,,Ridge,44.0,55.0,1.4213809504908514
,,,,,,{},,,OLS,44.0,55.0,
,,,,,,"{'model__alpha': 0.03162277660168379, 'model__l1_ratio': 0.75}",,,ElasticNet,45.0,56.0,1.3951977385786662
,,,,,,{'model__alpha': 0.03162277660168379},,,Lasso,45.0,56.0,1.3989625704799102
,,,,,,{'model__alpha': 5.623413251903491},,,Ridge,45.0,56.0,1.4084397359364742
,,,,,,{},,,OLS,45.0,56.0,
,,,,,,"{'model__alpha': 0.03162277660168379, 'model__l1_ratio': 0.9}",,,ElasticNet,46.0,58.0,1.4253088016850408
,,,,,,{'model__alpha': 0.03162277660168379},,,Lasso,46.0,58.0,1.4267505394457392
,,,,,,{'model__alpha': 3.1622776601683795},,,Ridge,46.0,58.0,1.445314405707567
,,,,,,{},,,OLS,46.0,58.0,
,,,,,,"{'model__alpha': 0.03162277660168379, 'model__l1_ratio': 0.95}",,,ElasticNet,47.0,59.0,1.4253357790660584
,,,,,,{'model__alpha': 0.03162277660168379},,,Lasso,47.0,59.0,1.4253616834874578
,,,,,,{'model__alpha': 3.1622776601683795},,,Ridge,47.0,59.0,1.4513874043305124
,,,,,,{},,,OLS,47.0,59.0,
,,,,,,"{'model__alpha': 0.03162277660168379, 'model__l1_ratio': 0.9}",,,ElasticNet,48.0,60.0,1.4356568072785156
,,,,,,{'model__alpha': 0.03162277660168379},,,Lasso,48.0,60.0,1.4371381151133955
,,,,,,{'model__alpha': 3.1622776601683795},,,Ridge,48.0,60.0,1.451627070527806
,,,,,,{},,,OLS,48.0,60.0,
,,,,,,"{'model__alpha': 0.03162277660168379, 'model__l1_ratio': 0.9}",,,ElasticNet,49.0,101.0,1.4324467483164065
,,,,,,{'model__alpha': 0.03162277660168379},,,Lasso,49.0,101.0,1.433607859328729
,,,,,,{'model__alpha': 3.1622776601683795},,,Ridge,49.0,101.0,1.4545637058193577
,,,,,,{},,,OLS,49.0,101.0,
,,,,,,"{'model__alpha': 0.03162277660168379, 'model__l1_ratio': 0.9}",,,ElasticNet,50.0,102.0,1.4215682512520156
,,,,,,{'model__alpha': 0.03162277660168379},,,Lasso,50.0,102.0,1.4222487256232266
,,,,,,{'model__alpha': 3.1622776601683795},,,Ridge,50.0,102.0,1.44844344892553
,,,,,,{},,,OLS,50.0,102.0,
,,,,,,"{'model__alpha': 0.03162277660168379, 'model__l1_ratio': 0.9}",,,ElasticNet,51.0,104.0,1.4556437244867528
,,,,,,{'model__alpha': 0.03162277660168379},,,Lasso,51.0,104.0,1.45645201546446
,,,,,,{'model__alpha': 3.1622776601683795},,,Ridge,51.0,104.0,1.4751406045956066
,,,,,,{},,,OLS,51.0,104.0,
,,,,,,"{'model__alpha': 0.03162277660168379, 'model__l1_ratio': 0.95}",,,ElasticNet,52.0,106.0,1.452580759760024
,,,,,,{'model__alpha': 0.03162277660168379},,,Lasso,52.0,106.0,1.45300038880071
,,,,,,{'model__alpha': 5.623413251903491},,,Ridge,52.0,106.0,1.477888237714098
,,,,,,{},,,OLS,52.0,106.0,
,,,,,,"{'model__alpha': 0.03162277660168379, 'model__l1_ratio': 0.75}",,,ElasticNet,53.0,108.0,1.4560399547804932
,,,,,,{'model__alpha': 0.03162277660168379},,,Lasso,53.0,108.0,1.460077299035692
,,,,,,{'model__alpha': 5.623413251903491},,,Ridge,53.0,108.0,1.471169322028172
,,,,,,{},,,OLS,53.0,108.0,
,,,,,,"{'model__alpha': 0.03162277660168379, 'model__l1_ratio': 0.5}",,,ElasticNet,54.0,109.0,1.4380381877288702
,,,,,,{'model__alpha': 0.019573417814876617},,,Lasso,54.0,109.0,1.4409945206304902
,,,,,,{'model__alpha': 3.1622776601683795},,,Ridge,54.0,109.0,1.4550907370256922
,,,,,,{},,,OLS,54.0,109.0,
,,,,,,"{'model__alpha': 0.051089697745069294, 'model__l1_ratio': 0.25}",,,ElasticNet,55.0,110.0,1.4908359763412975
,,,,,,{'model__alpha': 0.019573417814876617},,,Lasso,55.0,110.0,1.497927521734234
,,,,,,{'model__alpha': 5.623413251903491},,,Ridge,55.0,110.0,1.496034341153022
,,,,,,{},,,OLS,55.0,110.0,
,,,,,,"{'model__alpha': 0.03162277660168379, 'model__l1_ratio': 0.75}",,,ElasticNet,56.0,112.0,1.4838748637624162
,,,,,,{'model__alpha': 0.019573417814876617},,,Lasso,56.0,112.0,1.4851487372076568
,,,,,,{'model__alpha': 3.1622776601683795},,,Ridge,56.0,112.0,1.491193042751302
,,,,,,{},,,OLS,56.0,112.0,
,,,,,,"{'model__alpha': 0.051089697745069294, 'model__l1_ratio': 0.25}",,,ElasticNet,57.0,113.0,1.4889864836707976
,,,,,,{'model__alpha': 0.03162277660168379},,,Lasso,57.0,113.0,1.4931122023188688
,,,,,,{'model__alpha': 5.623413251903491},,,Ridge,57.0,113.0,1.4976968914673576
,,,,,,{},,,OLS,57.0,113.0,
,,,,,,"{'model__alpha': 0.03162277660168379, 'model__l1_ratio': 0.75}",,,ElasticNet,58.0,115.0,1.4736125468151124
,,,,,,{'model__alpha': 0.019573417814876617},,,Lasso,58.0,115.0,1.476100647797133
,,,,,,{'model__alpha': 10.0},,,Ridge,58.0,115.0,1.486125856245264
,,,,,,{},,,OLS,58.0,115.0,
,,,,,,"{'model__alpha': 0.051089697745069294, 'model__l1_ratio': 0.05}",,,ElasticNet,59.0,116.0,1.503734982402814
,,,,,,{'model__alpha': 0.019573417814876617},,,Lasso,59.0,116.0,1.5085740294436012
,,,,,,{'model__alpha': 5.623413251903491},,,Ridge,59.0,116.0,1.503236276404513
,,,,,,{},,,OLS,59.0,116.0,
,,,,,,"{'model__alpha': 0.051089697745069294, 'model__l1_ratio': 0.25}",,,ElasticNet,60.0,118.0,1.4826470434003858
,,,,,,{'model__alpha': 0.019573417814876617},,,Lasso,60.0,118.0,1.4877639123677096
,,,,,,{'model__alpha': 5.623413251903491},,,Ridge,60.0,118.0,1.4864572873255872
,,,,,,{},,,OLS,60.0,118.0,
,,,,,,"{'model__alpha': 0.051089697745069294, 'model__l1_ratio': 0.25}",,,ElasticNet,61.0,119.0,1.488775463803819
,,,,,,{'model__alpha': 0.019573417814876617},,,Lasso,61.0,119.0,1.5042895417918871
,,,,,,{'model__alpha': 5.623413251903491},,,Ridge,61.0,119.0,1.4926530497695665
,,,,,,{},,,OLS,61.0,119.0,
,,,,,,"{'model__alpha': 0.051089697745069294, 'model__l1_ratio': 0.25}",,,ElasticNet,62.0,120.0,1.51254725098122
,,,,,,{'model__alpha': 0.019573417814876617},,,Lasso,62.0,120.0,1.5216600596925434
,,,,,,{'model__alpha': 10.0},,,Ridge,62.0,120.0,1.5164190862327382
,,,,,,{},,,OLS,62.0,120.0,
,,,,,,"{'model__alpha': 0.051089697745069294, 'model__l1_ratio': 0.25}",,,ElasticNet,63.0,121.0,1.5089903433063
,,,,,,{'model__alpha': 0.019573417814876617},,,Lasso,63.0,121.0,1.5124623385400913
,,,,,,{'model__alpha': 5.623413251903491},,,Ridge,63.0,121.0,1.5140535897070764
,,,,,,{},,,OLS,63.0,121.0,
,,,,,,"{'model__alpha': 0.03162277660168379, 'model__l1_ratio': 0.5}",,,ElasticNet,64.0,122.0,1.4931808243504523
,,,,,,{'model__alpha': 0.019573417814876617},,,Lasso,64.0,122.0,1.494839519353086
,,,,,,{'model__alpha': 5.623413251903491},,,Ridge,64.0,122.0,1.4981481143474098
,,,,,,{},,,OLS,64.0,122.0,
,,,,,,"{'model__alpha': 0.03162277660168379, 'model__l1_ratio': 0.75}",,,ElasticNet,65.0,124.0,1.5094586570517436
,,,,,,{'model__alpha': 0.03162277660168379},,,Lasso,65.0,124.0,1.5146117981766287
,,,,,,{'model__alpha': 5.623413251903491},,,Ridge,65.0,124.0,1.5179660991231023
,,,,,,{},,,OLS,65.0,124.0,
,,,,,,"{'model__alpha': 0.03162277660168379, 'model__l1_ratio': 0.75}",,,ElasticNet,66.0,125.0,1.5111050714557102
,,,,,,{'model__alpha': 0.019573417814876617},,,Lasso,66.0,125.0,1.5144338104732729
,,,,,,{'model__alpha': 3.1622776601683795},,,Ridge,66.0,125.0,1.5137645746026211
,,,,,,{},,,OLS,66.0,125.0,
,,,,,,"{'model__alpha': 0.03162277660168379, 'model__l1_ratio': 0.75}",,,ElasticNet,67.0,126.0,1.5120124933966177
,,,,,,{'model__alpha': 0.03162277660168379},,,Lasso,67.0,126.0,1.5161727289601383
,,,,,,{'model__alpha': 5.623413251903491},,,Ridge,67.0,126.0,1.5191611664594804
,,,,,,{},,,OLS,67.0,126.0,
,,,,,,"{'model__alpha': 0.051089697745069294, 'model__l1_ratio': 0.1}",,,ElasticNet,68.0,127.0,1.509260007870649
,,,,,,{'model__alpha': 0.03162277660168379},,,Lasso,68.0,127.0,1.5144783147078795
,,,,,,{'model__alpha': 10.0},,,Ridge,68.0,127.0,1.5106401062853048
,,,,,,{},,,OLS,68.0,127.0,
,,,,,,"{'model__alpha': 0.051089697745069294, 'model__l1_ratio': 0.25}",,,ElasticNet,69.0,129.0,1.5103735256714934
,,,,,,{'model__alpha': 0.019573417814876617},,,Lasso,69.0,129.0,1.5160646465201857
,,,,,,{'model__alpha': 5.623413251903491},,,Ridge,69.0,129.0,1.5146061275592035
,,,,,,{},,,OLS,69.0,129.0,
,,,,,,"{'model__alpha': 0.03162277660168379, 'model__l1_ratio': 0.75}",,,ElasticNet,70.0,130.0,1.484378099285169
,,,,,,{'model__alpha': 0.019573417814876617},,,Lasso,70.0,130.0,1.4865311790400535
,,,,,,{'model__alpha': 5.623413251903491},,,Ridge,70.0,130.0,1.4954940539629429
,,,,,,{},,,OLS,70.0,130.0,
,,,,,,"{'model__alpha': 0.03162277660168379, 'model__l1_ratio': 0.75}",,,ElasticNet,71.0,133.0,1.4908346550419755
,,,,,,{'model__alpha': 0.03162277660168379},,,Lasso,71.0,133.0,1.494267801491254
,,,,,,{'model__alpha': 5.623413251903491},,,Ridge,71.0,133.0,1.494127977524675
,,,,,,{},,,OLS,71.0,133.0,
,,,,,,"{'model__alpha': 0.03162277660168379, 'model__l1_ratio': 0.75}",,,ElasticNet,72.0,135.0,1.4952690856366109
,,,,,,{'model__alpha': 0.019573417814876617},,,Lasso,72.0,135.0,1.497672178881445
,,,,,,{'model__alpha': 5.623413251903491},,,Ridge,72.0,135.0,1.5036956008494238
,,,,,,{},,,OLS,72.0,135.0,
,,,,,,"{'model__alpha': 0.03162277660168379, 'model__l1_ratio': 0.75}",,,ElasticNet,73.0,137.0,1.4698834170489017
,,,,,,{'model__alpha': 0.019573417814876617},,,Lasso,73.0,137.0,1.4751549833942386
,,,,,,{'model__alpha': 1.7782794100389228},,,Ridge,73.0,137.0,1.47463945398371
,,,,,,{},,,OLS,73.0,137.0,
,,,,,,"{'model__alpha': 0.03162277660168379, 'model__l1_ratio': 0.9}",,,ElasticNet,74.0,138.0,1.5140700902561528
,,,,,,{'model__alpha': 0.03162277660168379},,,Lasso,74.0,138.0,1.5147798178705136
,,,,,,{'model__alpha': 5.623413251903491},,,Ridge,74.0,138.0,1.5289682306941506
,,,,,,{},,,OLS,74.0,138.0,
,,,,,,"{'model__alpha': 0.03162277660168379, 'model__l1_ratio': 0.95}",,,ElasticNet,75.0,139.0,1.543533333148687
,,,,,,{'model__alpha': 0.03162277660168379},,,Lasso,75.0,139.0,1.5432165759455212
,,,,,,{'model__alpha': 17.78279410038923},,,Ridge,75.0,139.0,1.5663010270537887
,,,,,,{},,,OLS,75.0,139.0,
,,,,,,"{'model__alpha': 0.03162277660168379, 'model__l1_ratio': 0.9}",,,ElasticNet,76.0,140.0,1.5188716206680986
,,,,,,{'model__alpha': 0.03162277660168379},,,Lasso,76.0,140.0,1.5194536750593213
,,,,,,{'model__alpha': 10.0},,,Ridge,76.0,140.0,1.546568584786909
,,,,,,{},,,OLS,76.0,140.0,
,,,,,,"{'model__alpha': 0.03162277660168379, 'model__l1_ratio': 0.95}",,,ElasticNet,77.0,141.0,1.496140345320951
,,,,,,{'model__alpha': 0.03162277660168379},,,Lasso,77.0,141.0,1.4959612996776668
,,,,,,{'model__alpha': 5.623413251903491},,,Ridge,77.0,141.0,1.5296850149925056
,,,,,,{},,,OLS,77.0,141.0,
,,,,,,"{'model__alpha': 0.03162277660168379, 'model__l1_ratio': 0.95}",,,ElasticNet,78.0,142.0,1.4977776662407998
,,,,,,{'model__alpha': 0.03162277660168379},,,Lasso,78.0,142.0,1.4974873139449625
,,,,,,{'model__alpha': 5.623413251903491},,,Ridge,78.0,142.0,1.535088815097294
,,,,,,{},,,OLS,78.0,142.0,
,,,,,,"{'model__alpha': 0.03162277660168379, 'model__l1_ratio': 0.95}",,,ElasticNet,79.0,144.0,1.432198856966962
,,,,,,{'model__alpha': 0.03162277660168379},,,Lasso,79.0,144.0,1.4299511298705871
,,,,,,{'model__alpha': 10.0},,,Ridge,79.0,144.0,1.4812447038210597
,,,,,,{},,,OLS,79.0,144.0,
,,,,,,"{'model__alpha': 0.03162277660168379, 'model__l1_ratio': 0.9}",,,ElasticNet,80.0,145.0,1.52129014214187
,,,,,,{'model__alpha': 0.03162277660168379},,,Lasso,80.0,145.0,1.5217778183023545
,,,,,,{'model__alpha': 17.78279410038923},,,Ridge,80.0,145.0,1.5558177731911704
,,,,,,{},,,OLS,80.0,145.0,
,,,,,,"{'model__alpha': 0.03162277660168379, 'model__l1_ratio': 0.9}",,,ElasticNet,81.0,146.0,1.551615056382469
,,,,,,{'model__alpha': 0.03162277660168379},,,Lasso,81.0,146.0,1.5523675923547284
,,,,,,{'model__alpha': 17.78279410038923},,,Ridge,81.0,146.0,1.5646485195270077
,,,,,,{},,,OLS,81.0,146.0,
,,,,,,"{'model__alpha': 0.03162277660168379, 'model__l1_ratio': 0.9}",,,ElasticNet,82.0,147.0,1.5657118491540898
,,,,,,{'model__alpha': 0.03162277660168379},,,Lasso,82.0,147.0,1.566908064645913
,,,,,,{'model__alpha': 17.78279410038923},,,Ridge,82.0,147.0,1.5692759486475227
,,,,,,{},,,OLS,82.0,147.0,
,,,,,,"{'model__alpha': 0.03162277660168379, 'model__l1_ratio': 0.95}",,,ElasticNet,83.0,148.0,1.5579170770726096
,,,,,,{'model__alpha': 0.03162277660168379},,,Lasso,83.0,148.0,1.5578275019668282
,,,,,,{'model__alpha': 17.78279410038923},,,Ridge,83.0,148.0,1.5670084594250284
,,,,,,{},,,OLS,83.0,148.0,
,,,,,,"{'model__alpha': 0.03162277660168379, 'model__l1_ratio': 0.95}",,,ElasticNet,84.0,149.0,1.5581698507956223
,,,,,,{'model__alpha': 0.03162277660168379},,,Lasso,84.0,149.0,1.5582744810029474
,,,,,,{'model__alpha': 17.78279410038923},,,Ridge,84.0,149.0,1.5698492842969467
,,,,,,{},,,OLS,84.0,149.0,
,,,,,,"{'model__alpha': 0.03162277660168379, 'model__l1_ratio': 0.95}",,,ElasticNet,85.0,150.0,1.5488035735268302
,,,,,,{'model__alpha': 0.03162277660168379},,,Lasso,85.0,150.0,1.5488947352283438
,,,,,,{'model__alpha': 17.78279410038923},,,Ridge,85.0,150.0,1.56216192308477
,,,,,,{},,,OLS,85.0,150.0,
,,,,,,"{'model__alpha': 0.03162277660168379, 'model__l1_ratio': 0.95}",,,ElasticNet,86.0,151.0,1.5565781259247633
,,,,,,{'model__alpha': 0.03162277660168379},,,Lasso,86.0,151.0,1.5569289497307266
,,,,,,{'model__alpha': 17.78279410038923},,,Ridge,86.0,151.0,1.568683394340347
,,,,,,{},,,OLS,86.0,151.0,
,,,,,,"{'model__alpha': 0.03162277660168379, 'model__l1_ratio': 0.95}",,,ElasticNet,87.0,153.0,1.5661467041316883
,,,,,,{'model__alpha': 0.03162277660168379},,,Lasso,87.0,153.0,1.5666437579328756
,,,,,,{'model__alpha': 31.622776601683793},,,Ridge,87.0,153.0,1.572834133535687
,,,,,,{},,,OLS,87.0,153.0,
,,,,,,"{'model__alpha': 0.03162277660168379, 'model__l1_ratio': 0.95}",,,ElasticNet,88.0,154.0,1.5582849429554988
,,,,,,{'model__alpha': 0.03162277660168379},,,Lasso,88.0,154.0,1.5577273053166485
,,,,,,{'model__alpha': 17.78279410038923},,,Ridge,88.0,154.0,1.580692387185563
,,,,,,{},,,OLS,88.0,154.0,
,,,,,,"{'model__alpha': 0.03162277660168379, 'model__l1_ratio': 0.95}",,,ElasticNet,89.0,158.0,1.5587924608266588
,,,,,,{'model__alpha': 0.03162277660168379},,,Lasso,89.0,158.0,1.5590369564198032
,,,,,,{'model__alpha': 17.78279410038923},,,Ridge,89.0,158.0,1.5760443132181834
,,,,,,{},,,OLS,89.0,158.0,
,,,,,,"{'model__alpha': 0.03162277660168379, 'model__l1_ratio': 0.9}",,,ElasticNet,90.0,160.0,1.551399558179921
,,,,,,{'model__alpha': 0.03162277660168379},,,Lasso,90.0,160.0,1.5529446656777957
,,,,,,{'model__alpha': 17.78279410038923},,,Ridge,90.0,160.0,1.567139816612923
,,,,,,{},,,OLS,90.0,160.0,
,,,,,,"{'model__alpha': 0.03162277660168379, 'model__l1_ratio': 0.95}",,,ElasticNet,91.0,165.0,1.5543901657382595
,,,,,,{'model__alpha': 0.03162277660168379},,,Lasso,91.0,165.0,1.5539986402645989
,,,,,,{'model__alpha': 17.78279410038923},,,Ridge,91.0,165.0,1.5699301561268162
,,,,,,{},,,OLS,91.0,165.0,
,,,,,,"{'model__alpha': 0.03162277660168379, 'model__l1_ratio': 0.95}",,,ElasticNet,92.0,166.0,1.5459417399368234
,,,,,,{'model__alpha': 0.03162277660168379},,,Lasso,92.0,166.0,1.5455735117460794
,,,,,,{'model__alpha': 17.78279410038923},,,Ridge,92.0,166.0,1.5681254802248723
,,,,,,{},,,OLS,92.0,166.0,
,,,,,,"{'model__alpha': 0.03162277660168379, 'model__l1_ratio': 0.95}",,,ElasticNet,93.0,167.0,1.5595400473673855
,,,,,,{'model__alpha': 0.03162277660168379},,,Lasso,93.0,167.0,1.5594378298354332
,,,,,,{'model__alpha': 17.78279410038923},,,Ridge,93.0,167.0,1.5718966379978712
,,,,,,{},,,OLS,93.0,167.0,
,,,,,,"{'model__alpha': 0.21544346900318845, 'model__l1_ratio': 0.1}",,,ElasticNet,94.0,169.0,1.5481878170858765
,,,,,,{'model__alpha': 0.03162277660168379},,,Lasso,94.0,169.0,1.552550024197861
,,,,,,{'model__alpha': 31.622776601683793},,,Ridge,94.0,169.0,1.550465655720889
,,,,,,{},,,OLS,94.0,169.0,
,,,,,,"{'model__alpha': 0.03162277660168379, 'model__l1_ratio': 0.95}",,,ElasticNet,95.0,170.0,1.556083733355628
,,,,,,{'model__alpha': 0.03162277660168379},,,Lasso,95.0,170.0,1.5557868133895971
,,,,,,{'model__alpha': 17.78279410038923},,,Ridge,95.0,170.0,1.5664728365952196
,,,,,,{},,,OLS,95.0,170.0,
,,,,,,"{'model__alpha': 0.03162277660168379, 'model__l1_ratio': 0.95}",,,ElasticNet,96.0,171.0,1.5569555578125651
,,,,,,{'model__alpha': 0.03162277660168379},,,Lasso,96.0,171.0,1.5565831225567064
,,,,,,{'model__alpha': 17.78279410038923},,,Ridge,96.0,171.0,1.5660463464256484
,,,,,,{},,,OLS,96.0,171.0,
,,,,,,"{'model__alpha': 0.03162277660168379, 'model__l1_ratio': 0.95}",,,ElasticNet,97.0,172.0,1.5537053111303676
,,,,,,{'model__alpha': 0.03162277660168379},,,Lasso,97.0,172.0,1.5535132653565111
,,,,,,{'model__alpha': 17.78279410038923},,,Ridge,97.0,172.0,1.5658136973478014
,,,,,,{},,,OLS,97.0,172.0,
,,,,,,"{'model__alpha': 0.03162277660168379, 'model__l1_ratio': 0.95}",,,ElasticNet,98.0,173.0,1.5481790541398628
,,,,,,{'model__alpha': 0.03162277660168379},,,Lasso,98.0,173.0,1.548171289543113
,,,,,,{'model__alpha': 17.78279410038923},,,Ridge,98.0,173.0,1.561018306267089
,,,,,,{},,,OLS,98.0,173.0,
,,,,,,"{'model__alpha': 0.051089697745069294, 'model__l1_ratio': 0.5}",,,ElasticNet,99.0,174.0,1.5475859679951371
,,,,,,{'model__alpha': 0.03162277660168379},,,Lasso,99.0,174.0,1.5499128785464895
,,,,,,{'model__alpha': 17.78279410038923},,,Ridge,99.0,174.0,1.5557794781164065
,,,,,,{},,,OLS,99.0,174.0,
,,,,,,"{'model__alpha': 0.03162277660168379, 'model__l1_ratio': 0.95}",,,ElasticNet,100.0,176.0,1.5366555794693515
,,,,,,{'model__alpha': 0.03162277660168379},,,Lasso,100.0,176.0,1.5363656084524924
,,,,,,{'model__alpha': 17.78279410038923},,,Ridge,100.0,176.0,1.5615438049409882
,,,,,,{},,,OLS,100.0,176.0,
,,,,,,"{'model__alpha': 0.03162277660168379, 'model__l1_ratio': 0.95}",,,ElasticNet,101.0,178.0,1.5474480975644076
,,,,,,{'model__alpha': 0.03162277660168379},,,Lasso,101.0,178.0,1.5466614818672606
,,,,,,{'model__alpha': 17.78279410038923},,,Ridge,101.0,178.0,1.5641393718024124
,,,,,,{},,,OLS,101.0,178.0,
,,,,,,"{'model__alpha': 0.03162277660168379, 'model__l1_ratio': 0.95}",,,ElasticNet,102.0,181.0,1.5347654708544631
,,,,,,{'model__alpha': 0.03162277660168379},,,Lasso,102.0,181.0,1.534385055723864
,,,,,,{'model__alpha': 17.78279410038923},,,Ridge,102.0,181.0,1.5524035349432996
,,,,,,{},,,OLS,102.0,181.0,
,,,,,,"{'model__alpha': 0.03162277660168379, 'model__l1_ratio': 0.95}",,,ElasticNet,103.0,183.0,1.5349547697813777
,,,,,,{'model__alpha': 0.03162277660168379},,,Lasso,103.0,183.0,1.5345282685712571
,,,,,,{'model__alpha': 17.78279410038923},,,Ridge,103.0,183.0,1.5481409699583242
,,,,,,{},,,OLS,103.0,183.0,
,,,,,,"{'model__alpha': 0.03162277660168379, 'model__l1_ratio': 0.75}",,,ElasticNet,104.0,185.0,1.5111273285313889
,,,,,,{'model__alpha': 0.019573417814876617},,,Lasso,104.0,185.0,1.5137215990424746
,,,,,,{'model__alpha': 17.78279410038923},,,Ridge,104.0,185.0,1.5174387108556529
,,,,,,{},,,OLS,104.0,185.0,
,,,,,,"{'model__alpha': 0.03162277660168379, 'model__l1_ratio': 0.5}",,,ElasticNet,105.0,186.0,1.5097967051185412
,,,,,,{'model__alpha': 0.019573417814876617},,,Lasso,105.0,186.0,1.5102613394928384
,,,,,,{'model__alpha': 10.0},,,Ridge,105.0,186.0,1.5231915565679752
,,,,,,{},,,OLS,105.0,186.0,
,,,,,,"{'model__alpha': 0.03162277660168379, 'model__l1_ratio': 0.95}",,,ElasticNet,106.0,188.0,1.52679161902149
,,,,,,{'model__alpha': 0.03162277660168379},,,Lasso,106.0,188.0,1.5254373669647276
,,,,,,{'model__alpha': 10.0},,,Ridge,106.0,188.0,1.5377328308483773
,,,,,,{},,,OLS,106.0,188.0,
,,,,,,"{'model__alpha': 0.051089697745069294, 'model__l1_ratio': 0.5}",,,ElasticNet,107.0,190.0,1.524060084995036
,,,,,,{'model__alpha': 0.03162277660168379},,,Lasso,107.0,190.0,1.5239159142039067
,,,,,,{'model__alpha': 17.78279410038923},,,Ridge,107.0,190.0,1.530933258754566
,,,,,,{},,,OLS,107.0,190.0,
,,,,,,"{'model__alpha': 0.03162277660168379, 'model__l1_ratio': 0.95}",,,ElasticNet,108.0,191.0,1.527007364854031
,,,,,,{'model__alpha': 0.03162277660168379},,,Lasso,108.0,191.0,1.5256744314471036
,,,,,,{'model__alpha': 10.0},,,Ridge,108.0,191.0,1.5401078323717243
,,,,,,{},,,OLS,108.0,191.0,
,,,,,,"{'model__alpha': 0.03162277660168379, 'model__l1_ratio': 0.95}",,,ElasticNet,109.0,192.0,1.5298777371724657
,,,,,,{'model__alpha': 0.03162277660168379},,,Lasso,109.0,192.0,1.528330440874724
,,,,,,{'model__alpha': 10.0},,,Ridge,109.0,192.0,1.541446056734972
,,,,,,{},,,OLS,109.0,192.0,
,,,,,,"{'model__alpha': 0.03162277660168379, 'model__l1_ratio': 0.95}",,,ElasticNet,110.0,193.0,1.5234684079726937
,,,,,,{'model__alpha': 0.03162277660168379},,,Lasso,110.0,193.0,1.5219904620196618
,,,,,,{'model__alpha': 10.0},,,Ridge,110.0,193.0,1.5392020854267745
,,,,,,{},,,OLS,110.0,193.0,
,,,,,,"{'model__alpha': 0.03162277660168379, 'model__l1_ratio': 0.95}",,,ElasticNet,111.0,195.0,1.5240903321090509
,,,,,,{'model__alpha': 0.03162277660168379},,,Lasso,111.0,195.0,1.522802103485846
,,,,,,{'model__alpha': 10.0},,,Ridge,111.0,195.0,1.5415989707876256
,,,,,,{},,,OLS,111.0,195.0,
,,,,,,"{'model__alpha': 0.03162277660168379, 'model__l1_ratio': 0.95}",,,ElasticNet,112.0,198.0,1.5207220247839572
,,,,,,{'model__alpha': 0.03162277660168379},,,Lasso,112.0,198.0,1.51886275590245
,,,,,,{'model__alpha': 10.0},,,Ridge,112.0,198.0,1.5377992025657463
,,,,,,{},,,OLS,112.0,198.0,
,,,,,,"{'model__alpha': 0.03162277660168379, 'model__l1_ratio': 0.95}",,,ElasticNet,113.0,199.0,1.5131331828228378
,,,,,,{'model__alpha': 0.03162277660168379},,,Lasso,113.0,199.0,1.512624747790936
,,,,,,{'model__alpha': 10.0},,,Ridge,113.0,199.0,1.5336876714551777
,,,,,,{},,,OLS,113.0,199.0,
,,,,,,"{'model__alpha': 0.03162277660168379, 'model__l1_ratio': 0.95}",,,ElasticNet,114.0,200.0,1.5284956435581214
,,,,,,{'model__alpha': 0.03162277660168379},,,Lasso,114.0,200.0,1.5280155517290372
,,,,,,{'model__alpha': 10.0},,,Ridge,114.0,200.0,1.5425064399771091
,,,,,,{},,,OLS,114.0,200.0,
,,,,,,"{'model__alpha': 0.03162277660168379, 'model__l1_ratio': 0.95}",,,ElasticNet,115.0,201.0,1.5401731598005224
,,,,,,{'model__alpha': 0.03162277660168379},,,Lasso,115.0,201.0,1.5397773378399038
,,,,,,{'model__alpha': 17.78279410038923},,,Ridge,115.0,201.0,1.544048680345926
,,,,,,{},,,OLS,115.0,201.0,
,,,,,9.299233542056754,"{'model__max_depth': None, 'model__max_features': 0.5, 'model__min_samples_leaf': 1}",,,Random Forest,1.0,1.0,1.721662771746682
,,,,,8.75400237494614,"{'model__max_depth': None, 'model__max_features': 0.5, 'model__min_samples_leaf': 1}",,,Random Forest,2.0,2.0,1.6936586457463543
,,,,,8.633048042072915,"{'model__max_depth': 7, 'model__max_features': 0.5, 'model__min_samples_leaf': 1}",,,Random Forest,3.0,3.0,1.6637931964572794
,,,,,8.537081375019625,"{'model__max_depth': None, 'model__max_features': 0.5, 'model__min_samples_leaf': 1}",,,Random Forest,4.0,5.0,1.7224289999512863
,,,,,8.483902083011344,"{'model__max_depth': None, 'model__max_features': 0.5, 'model__min_samples_leaf': 1}",,,Random Forest,5.0,6.0,1.7346131189136418
,,,,,8.466846166993491,"{'model__max_depth': 7, 'model__max_features': 0.5, 'model__min_samples_leaf': 1}",,,Random Forest,6.0,7.0,1.7646988139641047
,,,,,8.52869683294557,"{'model__max_depth': None, 'model__max_features': 0.5, 'model__min_samples_leaf': 1}",,,Random Forest,7.0,8.0,1.7367338794899159
,,,,,8.477327084052376,"{'model__max_depth': 7, 'model__max_features': 0.5, 'model__min_samples_leaf': 1}",,,Random Forest,8.0,9.0,1.745496641925043
,,,,,8.47812112502288,"{'model__max_depth': 7, 'model__max_features': 0.5, 'model__min_samples_leaf': 1}",,,Random Forest,9.0,12.0,1.7004126598692257
,,,,,8.476651875069365,"{'model__max_depth': None, 'model__max_features': 0.5, 'model__min_samples_leaf': 1}",,,Random Forest,10.0,13.0,1.7513266981540327
,,,,,8.572873624972999,"{'model__max_depth': None, 'model__max_features': 0.5, 'model__min_samples_leaf': 1}",,,Random Forest,11.0,14.0,1.736514415786112
,,,,,8.467286874889396,"{'model__max_depth': None, 'model__max_features': 0.5, 'model__min_samples_leaf': 1}",,,Random Forest,12.0,15.0,1.7286718282741809
,,,,,8.458181708934717,"{'model__max_depth': None, 'model__max_features': 0.5, 'model__min_samples_leaf': 1}",,,Random Forest,13.0,16.0,1.728509265341569
,,,,,8.483506625052541,"{'model__max_depth': None, 'model__max_features': 0.5, 'model__min_samples_leaf': 1}",,,Random Forest,14.0,17.0,1.7330183756936557
,,,,,8.4527361249784,"{'model__max_depth': None, 'model__max_features': 0.5, 'model__min_samples_leaf': 1}",,,Random Forest,15.0,18.0,1.727194273396413
,,,,,8.514920875080861,"{'model__max_depth': None, 'model__max_features': 0.5, 'model__min_samples_leaf': 1}",,,Random Forest,16.0,19.0,1.7250820379464507
,,,,,8.457262541982345,"{'model__max_depth': 7, 'model__max_features': 0.5, 'model__min_samples_leaf': 1}",,,Random Forest,17.0,21.0,1.7578902180464062
,,,,,8.441879417048767,"{'model__max_depth': 7, 'model__max_features': 0.5, 'model__min_samples_leaf': 1}",,,Random Forest,18.0,22.0,1.7226836689892244
,,,,,8.513448582962155,"{'model__max_depth': None, 'model__max_features': 0.5, 'model__min_samples_leaf': 1}",,,Random Forest,19.0,23.0,1.6495937031789478
,,,,,8.500783374998719,"{'model__max_depth': None, 'model__max_features': 0.5, 'model__min_samples_leaf': 1}",,,Random Forest,20.0,24.0,1.694286060029847
,,,,,8.492673417087644,"{'model__max_depth': None, 'model__max_features': 0.5, 'model__min_samples_leaf': 1}",,,Random Forest,21.0,25.0,1.649787026411401
,,,,,8.629557417007163,"{'model__max_depth': 7, 'model__max_features': 0.5, 'model__min_samples_leaf': 1}",,,Random Forest,22.0,26.0,1.6992585858489335
,,,,,8.606445707962848,"{'model__max_depth': None, 'model__max_features': 0.5, 'model__min_samples_leaf': 1}",,,Random Forest,23.0,27.0,1.6620738198045508
,,,,,8.479631083086133,"{'model__max_depth': None, 'model__max_features': 0.5, 'model__min_samples_leaf': 1}",,,Random Forest,24.0,28.0,1.6656141982431316
,,,,,8.48683325003367,"{'model__max_depth': None, 'model__max_features': 0.5, 'model__min_samples_leaf': 1}",,,Random Forest,25.0,29.0,1.6405719799346261
,,,,,8.557416624971665,"{'model__max_depth': None, 'model__max_features': 0.5, 'model__min_samples_leaf': 1}",,,Random Forest,26.0,30.0,1.6767311417525057
,,,,,8.581097916932777,"{'model__max_depth': None, 'model__max_features': 0.5, 'model__min_samples_leaf': 1}",,,Random Forest,27.0,32.0,1.6845033461265522
,,,,,8.540901500033215,"{'model__max_depth': None, 'model__max_features': 0.5, 'model__min_samples_leaf': 1}",,,Random Forest,28.0,34.0,1.6691666135102348
,,,,,8.475476166931912,"{'model__max_depth': None, 'model__max_features': 0.5, 'model__min_samples_leaf': 1}",,,Random Forest,29.0,36.0,1.6699908782728408
,,,,,8.443502709036693,"{'model__max_depth': 7, 'model__max_features': 0.5, 'model__min_samples_leaf': 1}",,,Random Forest,30.0,37.0,1.647661527135316
,,,,,8.473474749946035,"{'model__max_depth': 7, 'model__max_features': 0.5, 'model__min_samples_leaf': 1}",,,Random Forest,31.0,38.0,1.652284340701794
,,,,,8.471842875005677,"{'model__max_depth': None, 'model__max_features': 0.5, 'model__min_samples_leaf': 1}",,,Random Forest,32.0,40.0,1.655307742945524
,,,,,8.474381916923448,"{'model__max_depth': None, 'model__max_features': 0.5, 'model__min_samples_leaf': 1}",,,Random Forest,33.0,41.0,1.6254352925102222
,,,,,8.464483582996763,"{'model__max_depth': 7, 'model__max_features': 0.5, 'model__min_samples_leaf': 1}",,,Random Forest,34.0,43.0,1.6648320561721555
,,,,,8.481022249907255,"{'model__max_depth': None, 'model__max_features': 0.5, 'model__min_samples_leaf': 1}",,,Random Forest,35.0,44.0,1.6600247230500702
,,,,,8.496835832949728,"{'model__max_depth': 7, 'model__max_features': 0.5, 'model__min_samples_leaf': 1}",,,Random Forest,36.0,45.0,1.6695142285602522
,,,,,8.558963666902855,"{'model__max_depth': 7, 'model__max_features': 0.5, 'model__min_samples_leaf': 1}",,,Random Forest,37.0,46.0,1.6477514362990253
,,,,,8.514830083004199,"{'model__max_depth': 7, 'model__max_features': 0.5, 'model__min_samples_leaf': 1}",,,Random Forest,38.0,49.0,1.651769965251685
,,,,,8.458033042028546,"{'model__max_depth': 7, 'model__max_features': 0.5, 'model__min_samples_leaf': 1}",,,Random Forest,39.0,50.0,1.6526441667811866
,,,,,8.448728791903704,"{'model__max_depth': None, 'model__max_features': 0.5, 'model__min_samples_leaf': 1}",,,Random Forest,40.0,51.0,1.6614365003976006
,,,,,8.462039374979213,"{'model__max_depth': None, 'model__max_features': 0.5, 'model__min_samples_leaf': 1}",,,Random Forest,41.0,52.0,1.6619796074004702
,,,,,8.478359750006348,"{'model__max_depth': None, 'model__max_features': 0.5, 'model__min_samples_leaf': 1}",,,Random Forest,42.0,53.0,1.6752923197898384
,,,,,8.484037375077605,"{'model__max_depth': None, 'model__max_features': 0.5, 'model__min_samples_leaf': 1}",,,Random Forest,43.0,54.0,1.6775783699083466
,,,,,8.591902834014036,"{'model__max_depth': None, 'model__max_features': 0.5, 'model__min_samples_leaf': 1}",,,Random Forest,44.0,55.0,1.6854504207523051
,,,,,8.508480333024636,"{'model__max_depth': None, 'model__max_features': 0.5, 'model__min_samples_leaf': 1}",,,Random Forest,45.0,56.0,1.6791988337820676
,,,,,8.531115583027713,"{'model__max_depth': None, 'model__max_features': 0.5, 'model__min_samples_leaf': 1}",,,Random Forest,46.0,58.0,1.7029207970174605
,,,,,8.479907957953401,"{'model__max_depth': None, 'model__max_features': 0.5, 'model__min_samples_leaf': 1}",,,Random Forest,47.0,59.0,1.7222102448711007
,,,,,8.470177791896276,"{'model__max_depth': None, 'model__max_features': 0.5, 'model__min_samples_leaf': 1}",,,Random Forest,48.0,60.0,1.7063922153784623
,,,,,8.487235624925233,"{'model__max_depth': None, 'model__max_features': 0.5, 'model__min_samples_leaf': 1}",,,Random Forest,49.0,101.0,1.6826751331722096
,,,,,8.492300207959488,"{'model__max_depth': None, 'model__max_features': 0.5, 'model__min_samples_leaf': 1}",,,Random Forest,50.0,102.0,1.6802248549034273
,,,,,8.571253374917433,"{'model__max_depth': None, 'model__max_features': 0.5, 'model__min_samples_leaf': 1}",,,Random Forest,51.0,104.0,1.7058931863355957
,,,,,8.57294774998445,"{'model__max_depth': None, 'model__max_features': 0.5, 'model__min_samples_leaf': 1}",,,Random Forest,52.0,106.0,1.7133224939123788
,,,,,8.64433983399067,"{'model__max_depth': None, 'model__max_features': 0.5, 'model__min_samples_leaf': 1}",,,Random Forest,53.0,108.0,1.7084419054118336
,,,,,8.513190625002608,"{'model__max_depth': None, 'model__max_features': 0.5, 'model__min_samples_leaf': 1}",,,Random Forest,54.0,109.0,1.7216520493168435
,,,,,8.599065500078723,"{'model__max_depth': 7, 'model__max_features': 0.5, 'model__min_samples_leaf': 1}",,,Random Forest,55.0,110.0,1.7323890983412022
,,,,,8.434480082942173,"{'model__max_depth': 7, 'model__max_features': 0.5, 'model__min_samples_leaf': 1}",,,Random Forest,56.0,112.0,1.7203046269875262
,,,,,8.547354624955915,"{'model__max_depth': 7, 'model__max_features': 0.5, 'model__min_samples_leaf': 1}",,,Random Forest,57.0,113.0,1.7209829778115595
,,,,,8.424777999985963,"{'model__max_depth': 7, 'model__max_features': 0.5, 'model__min_samples_leaf': 1}",,,Random Forest,58.0,115.0,1.7025750637999746
,,,,,9.074349708040245,"{'model__max_depth': None, 'model__max_features': 0.5, 'model__min_samples_leaf': 3}",,,Random Forest,59.0,116.0,1.681563130316189
,,,,,8.574747624923475,"{'model__max_depth': 7, 'model__max_features': 0.5, 'model__min_samples_leaf': 1}",,,Random Forest,60.0,118.0,1.7268529277408793
,,,,,8.491280458983965,"{'model__max_depth': None, 'model__max_features': 0.5, 'model__min_samples_leaf': 3}",,,Random Forest,61.0,119.0,1.7099295867882693
,,,,,8.605965416994877,"{'model__max_depth': 7, 'model__max_features': 0.5, 'model__min_samples_leaf': 3}",,,Random Forest,62.0,120.0,1.7367731054476703
,,,,,8.584521292010322,"{'model__max_depth': None, 'model__max_features': 0.5, 'model__min_samples_leaf': 1}",,,Random Forest,63.0,121.0,1.7332210179403207
,,,,,8.547470915946178,"{'model__max_depth': None, 'model__max_features': 0.5, 'model__min_samples_leaf': 1}",,,Random Forest,64.0,122.0,1.7279250004286613
,,,,,8.52647949999664,"{'model__max_depth': 7, 'model__max_features': 0.5, 'model__min_samples_leaf': 1}",,,Random Forest,65.0,124.0,1.7251861518118186
,,,,,8.4884781249566,"{'model__max_depth': None, 'model__max_features': 0.5, 'model__min_samples_leaf': 1}",,,Random Forest,66.0,125.0,1.7353105203110395
,,,,,8.593929791939445,"{'model__max_depth': None, 'model__max_features': 0.5, 'model__min_samples_leaf': 1}",,,Random Forest,67.0,126.0,1.7250398119287993
,,,,,8.537572041968815,"{'model__max_depth': None, 'model__max_features': 0.5, 'model__min_samples_leaf': 1}",,,Random Forest,68.0,127.0,1.7154450073191654
,,,,,8.568698500050232,"{'model__max_depth': None, 'model__max_features': 0.5, 'model__min_samples_leaf': 1}",,,Random Forest,69.0,129.0,1.7031293138450474
,,,,,8.523277458967641,"{'model__max_depth': None, 'model__max_features': 0.5, 'model__min_samples_leaf': 1}",,,Random Forest,70.0,130.0,1.7042417454050935
,,,,,8.494909374974668,"{'model__max_depth': 7, 'model__max_features': 0.5, 'model__min_samples_leaf': 3}",,,Random Forest,71.0,133.0,1.745738289756966
,,,,,8.447668624925427,"{'model__max_depth': None, 'model__max_features': 0.5, 'model__min_samples_leaf': 1}",,,Random Forest,72.0,135.0,1.7257712470836477
,,,,,8.47298670897726,"{'model__max_depth': None, 'model__max_features': 0.5, 'model__min_samples_leaf': 1}",,,Random Forest,73.0,137.0,1.6653118263603663
,,,,,8.507656625006348,"{'model__max_depth': None, 'model__max_features': 0.5, 'model__min_samples_leaf': 1}",,,Random Forest,74.0,138.0,1.731123839875243
,,,,,8.493849416961893,"{'model__max_depth': None, 'model__max_features': 0.5, 'model__min_samples_leaf': 1}",,,Random Forest,75.0,139.0,1.7273347224947169
,,,,,8.464526499970816,"{'model__max_depth': None, 'model__max_features': 0.5, 'model__min_samples_leaf': 1}",,,Random Forest,76.0,140.0,1.7502033787060576
,,,,,8.512556792004034,"{'model__max_depth': 4, 'model__max_features': 0.5, 'model__min_samples_leaf': 1}",,,Random Forest,77.0,141.0,1.7079915127742122
,,,,,8.49091270903591,"{'model__max_depth': 7, 'model__max_features': 0.5, 'model__min_samples_leaf': 1}",,,Random Forest,78.0,142.0,1.74139319379508
,,,,,8.502799207926728,"{'model__max_depth': None, 'model__max_features': 0.5, 'model__min_samples_leaf': 1}",,,Random Forest,79.0,144.0,1.7099065408709897
,,,,,8.47618454194162,"{'model__max_depth': None, 'model__max_features': 0.5, 'model__min_samples_leaf': 1}",,,Random Forest,80.0,145.0,1.743427145776102
,,,,,8.53400824998971,"{'model__max_depth': None, 'model__max_features': 0.5, 'model__min_samples_leaf': 1}",,,Random Forest,81.0,146.0,1.7754219950747143
,,,,,8.504048749920912,"{'model__max_depth': 7, 'model__max_features': 0.5, 'model__min_samples_leaf': 1}",,,Random Forest,82.0,147.0,1.7868267658424037
,,,,,8.467943666968495,"{'model__max_depth': 7, 'model__max_features': 0.5, 'model__min_samples_leaf': 1}",,,Random Forest,83.0,148.0,1.7672479048130514
,,,,,8.459201000048779,"{'model__max_depth': 4, 'model__max_features': 0.5, 'model__min_samples_leaf': 1}",,,Random Forest,84.0,149.0,1.7894225542887408
,,,,,8.451739500043914,"{'model__max_depth': None, 'model__max_features': 0.5, 'model__min_samples_leaf': 3}",,,Random Forest,85.0,150.0,1.7907638019034398
,,,,,8.488361582974903,"{'model__max_depth': 7, 'model__max_features': 0.5, 'model__min_samples_leaf': 3}",,,Random Forest,86.0,151.0,1.7817583947278552
,,,,,8.800656958017498,"{'model__max_depth': 7, 'model__max_features': 0.5, 'model__min_samples_leaf': 1}",,,Random Forest,87.0,153.0,1.7673558202510284
,,,,,8.634210292017087,"{'model__max_depth': 7, 'model__max_features': 0.5, 'model__min_samples_leaf': 1}",,,Random Forest,88.0,154.0,1.7950764069838234
,,,,,8.56490812508855,"{'model__max_depth': 7, 'model__max_features': 0.5, 'model__min_samples_leaf': 1}",,,Random Forest,89.0,158.0,1.7916161182522472
,,,,,8.500150457955897,"{'model__max_depth': 7, 'model__max_features': 0.5, 'model__min_samples_leaf': 1}",,,Random Forest,90.0,160.0,1.8064221256560806
,,,,,8.457315749954432,"{'model__max_depth': None, 'model__max_features': 0.5, 'model__min_samples_leaf': 3}",,,Random Forest,91.0,165.0,1.8129572761288555
,,,,,8.420337332994677,"{'model__max_depth': None, 'model__max_features': 0.5, 'model__min_samples_leaf': 3}",,,Random Forest,92.0,166.0,1.836414498437939
,,,,,8.632023916114122,"{'model__max_depth': 7, 'model__max_features': 0.5, 'model__min_samples_leaf': 3}",,,Random Forest,93.0,167.0,1.8140412578120741
,,,,,8.599962709005922,"{'model__max_depth': 7, 'model__max_features': 0.5, 'model__min_samples_leaf': 1}",,,Random Forest,94.0,169.0,1.8103403863939735
,,,,,8.482588665909134,"{'model__max_depth': None, 'model__max_features': 0.5, 'model__min_samples_leaf': 3}",,,Random Forest,95.0,170.0,1.7967327528178267
,,,,,8.440760166966356,"{'model__max_depth': None, 'model__max_features': 0.5, 'model__min_samples_leaf': 3}",,,Random Forest,96.0,171.0,1.8070529981146695
,,,,,8.45886958297342,"{'model__max_depth': None, 'model__max_features': 0.5, 'model__min_samples_leaf': 3}",,,Random Forest,97.0,172.0,1.79851804287364
,,,,,8.458105958998203,"{'model__max_depth': 7, 'model__max_features': 0.5, 'model__min_samples_leaf': 1}",,,Random Forest,98.0,173.0,1.7883018284954884
,,,,,8.515504708047956,"{'model__max_depth': None, 'model__max_features': 0.5, 'model__min_samples_leaf': 3}",,,Random Forest,99.0,174.0,1.8072370391737986
,,,,,8.474543249933049,"{'model__max_depth': None, 'model__max_features': 0.5, 'model__min_samples_leaf': 1}",,,Random Forest,100.0,176.0,1.7909118725424626
,,,,,8.490395582979545,"{'model__max_depth': None, 'model__max_features': 0.5, 'model__min_samples_leaf': 1}",,,Random Forest,101.0,178.0,1.7888366145134422
,,,,,8.488473834004253,"{'model__max_depth': None, 'model__max_features': 0.5, 'model__min_samples_leaf': 1}",,,Random Forest,102.0,181.0,1.8064107608425881
,,,,,8.479793583974242,"{'model__max_depth': 7, 'model__max_features': 0.5, 'model__min_samples_leaf': 1}",,,Random Forest,103.0,183.0,1.8029390025819363
,,,,,8.616955167031847,"{'model__max_depth': None, 'model__max_features': 0.5, 'model__min_samples_leaf': 1}",,,Random Forest,104.0,185.0,1.8034345936518925
,,,,,8.521997000090778,"{'model__max_depth': 7, 'model__max_features': 0.5, 'model__min_samples_leaf': 1}",,,Random Forest,105.0,186.0,1.7991872635183415
,,,,,8.492839290993288,"{'model__max_depth': None, 'model__max_features': 0.5, 'model__min_samples_leaf': 1}",,,Random Forest,106.0,188.0,1.7986177561056442
,,,,,8.593877500039525,"{'model__max_depth': None, 'model__max_features': 0.5, 'model__min_samples_leaf': 1}",,,Random Forest,107.0,190.0,1.765545094334144
,,,,,8.504537625005469,"{'model__max_depth': 4, 'model__max_features': 0.5, 'model__min_samples_leaf': 3}",,,Random Forest,108.0,191.0,1.7867414327955238
,,,,,8.529701249906793,"{'model__max_depth': 7, 'model__max_features': 0.5, 'model__min_samples_leaf': 1}",,,Random Forest,109.0,192.0,1.777239806738474
,,,,,8.441568917012773,"{'model__max_depth': None, 'model__max_features': 0.5, 'model__min_samples_leaf': 1}",,,Random Forest,110.0,193.0,1.7754817888072987
,,,,,8.517088624997996,"{'model__max_depth': 7, 'model__max_features': 0.5, 'model__min_samples_leaf': 1}",,,Random Forest,111.0,195.0,1.7656541296363821
,,,,,8.471868541906588,"{'model__max_depth': 7, 'model__max_features': 0.5, 'model__min_samples_leaf': 1}",,,Random Forest,112.0,198.0,1.796316392745508
,,,,,8.482689499971457,"{'model__max_depth': 7, 'model__max_features': 0.5, 'model__min_samples_leaf': 1}",,,Random Forest,113.0,199.0,1.7934095050785288
,,,,,8.483420916018076,"{'model__max_depth': None, 'model__max_features': 0.5, 'model__min_samples_leaf': 1}",,,Random Forest,114.0,200.0,1.7920474342613013
,,,,,8.480492291972041,"{'model__max_depth': None, 'model__max_features': 0.5, 'model__min_samples_leaf': 1}",,,Random Forest,115.0,201.0,1.8046403072636605
